ID_Beneficiaire,prenom,nom,Numero_Cheque
1,Frahat,Rochdi,2092087
2,Diae,Taoufik,2384371
3,Olfa,Drissi,4161757
4,Ikram,Hafidi,9400601
5,Bilal,Sabir,9278089
6,Sanae,Khalil,2665184
7,Elmahdi,Kaddouri,3676173
8,Tijani,Hamzaoui,9789624
9,Anbar,Salah,6919994
10,Ghania,Sabir,2664626
11,Faras,Hanafi,8245219
12,Faouzi,Salim,9507310
13,Roukaya,Tahri,5547195
14,Badda,Hamdaoui,5025181
15,Belkas,Hassani,6857617
16,Barka,Faouzi,6716127
17,Mimoun,El mustapha,8928874
18,Sabri,Bouziane,5424912
19,Leila,Badr,8316831
20,Bahi,Naciri,9482167
21,Jeddia,Mehdi,9030834
22,Ezzahiria,Salhi,7841552
23,Joumane,El filali,2491726
24,Chihab,Benmoussa,9781569
25,Razane,Fikri,2554758
26,Fatine,Najib,2885603
27,Soulaimane,Badri,4363164
28,Achouak,Hilal,6554826
29,Habika,Mokhtari,3115823
30,Ghazala,Omari,8749829
31,Lamiae,Bennani,2717007
32,Adham,Abdou,8340250
33,Jeddia,Chahid,4236263
34,Naouar,Bouazza,6373293
35,Kandouz,Fouad,9234012
36,Abdeljabbar,Bensaid,7876846
37,Razouk,Bennis,7993500
38,Hassoun,Yacoubi,8904241
39,Khalida,El hassan,5989969
40,Nabila,Habib,4347699
41,Archane,Bouazza,6914321
42,Haifae,Badaoui,9386559
43,Smahane,Simo,6014706
44,Majdoub,Mansour,2765506
45,Hanane,Samir,4279539
46,Hadil,Benjelloun,9736234
47,Badra,El ouardi,5364981
48,Madiha,Semlali,7474249
49,Kaeda,Zeroual,2101467
50,Tijani,Abbassi,6234286
51,Najiba,Sadiki,7629816
52,Imane,Ali,7425783
53,Adib,Jamal,8340791
54,Oum Elaid,Hicham,2094743
55,Alilou,Hafidi,6028603
56,Neama,Rachidi,4292644
57,Badr Essououd,Mazouz,8345043
58,Hafid,Kabbaj,4038077
59,Ayoub,Choukri,3492853
60,Atouch,Filali,6581569
61,Marzouka,Mohamed,5981893
62,Tohfa,Er,4213077
63,Allou,El ouazzani,4501099
64,Hadir,El omari,4050898
65,Abdelilah,Lachhab,4958521
66,Allal,Hamza,3715822
67,Hamoud,Salmi,7562735
68,Narjis,Benali,6948627
69,Elhachemi,Najib,8455142
70,Oum Elez,Hamidi,3635552
71,Bilal,El mustapha,9397659
72,Rahmoun,Hachimi,3538963
73,Mahrez,Safi,9627745
74,Nassria,Slaoui,8804179
75,Oualid,El mokhtar,5556444
76,Rim,Hafidi,8341762
77,Ines,Mokhtari,9480978
78,Ghazil,Naciri,2791748
79,Nasma,Choukri,6137382
80,Houda,Nejjar,4583140
81,Abdelhakim,Saoud,9667601
82,Touda,Nasri,6499545
83,Tlaitmas,Allali,9204329
84,Elamria,Zerhouni,2560399
85,Halim,Chaib,7882814
86,Elhassan,Chakir,8691081
87,Razouk,Khattabi,3558408
88,Zoubir,Bakkali,5225261
89,Thami,Sadki,4203945
90,Naouar,Drissi,2373055
91,Daoui,Badaoui,7043031
92,Hamiddouche,Hafidi,9787456
93,Saida,Slaoui,3451768
94,Alilou,Ghazi,6508809
95,Abdessadek,Rachidi,4330697
96,Labiba,Taibi,8621180
97,Farida,Mahfoud,3473535
98,Basma,Mounir,6731540
99,Alou,Mekouar,7876696
100,Sanae,Salmi,4299284
101,Aasmae,Tarik,8135529
102,Hallouma,Reda,7361831
103,Marjane,Cherradi,4560586
104,Oussama,Baba,6925534
105,Arwa,Belghiti,9968735
106,Bouhout,Mustapha,3851247
107,Sadika,Mahmoudi,2104986
108,Rachida,Senhaji,8676279
109,Sabiha,Houari,2348985
110,Sabhia,Zine,4536557
111,Fadoua,Mimouni,9802547
112,Bada,Semlali,7263492
113,Wadia,Omari,8807260
114,Amine,Hajji,5854479
115,Daouia,Hajji,7380402
116,Hamid,El ghazi,2308962
117,Fatoum,Nadir,3505372
118,Harouch,Sbai,9062417
119,Haroun,Zouhair,4339589
120,Hamida,Kamal,3750193
121,Dalila,Ouardi,5720289
122,Houcine,Regragui,9456724
123,Jamea,Kharbouch,6200704
124,Haya,Hamza,5162758
125,Achoura,Saidi,3052732
126,Najiba,Sabir,5071391
127,Achour,Salah,8087399
128,Abdelkabir,Allali,2883521
129,Jaouahir,Rida,6567868
130,Zaytounia,Slaoui,3548182
131,Heba,Raji,6123357
132,Yaakoob,Talbi,3688045
133,Hamdaouia,Fassi,6303659
134,Lakbir,Sabir,2981113
135,Sanae,Wahbi,9849488
136,Nahid,Simo,3744707
137,Ourida,Elasri,6115547
138,Jabrane,Abdellaoui,5946139
139,Elbouchtaoui,Ouardi,4993582
140,Houmane,Oussama,3664514
141,Israe,Hafidi,5434614
142,Rahmouna,El amri,3535467
143,Lamiae,Fahmi,7041754
144,Abir,Guessous,5211431
145,Fatoum,Simo,2722449
146,Loubna,Fikri,8643735
147,Abdelhadi,Chadli,2950523
148,Omra,Salmi,8084726
149,Chomeysa,Zakaria,6491395
150,Rachad,El haddad,2878393
151,Souhir,Abdo,7563342
152,Zahra,Amri,4248373
153,Chehabe,Messaoudi,3497999
154,Fattouch,El alaoui,4410347
155,Hachem,Moussaoui,8004132
156,Raouf,Jaafar,5553291
157,Hmad,Slaoui,6047363
158,Abdelghani,Yacoubi,3164419
159,Kacem,Charif,4858096
160,Miloudia,El ghazi,9431993
161,Saida,Nadir,2886774
162,Azzelarab,Kabbaj,5135539
163,Aya,Diouri,9700933
164,Fama,Elalaoui,9657171
165,Intissar,El amri,6352712
166,Jamal,El hassan,4157518
167,Ghizlane,Diouri,6835397
168,Abdelaalim,Kasmi,8192496
169,Ghanem,Benzakour,7207594
170,Darifa,Daoudi,3835217
171,Halim,Faouzi,9169346
172,Hiba,Nejjar,4684916
173,Maria,Bakkali,3168382
174,Nour,Mohammed,9965592
175,Aicha,Ennaji,6581360
176,Masouda,Abdel,9138446
177,Nadir,Choukri,2390598
178,Fama,Zine,9206517
179,Bourhim,Amine,4320001
180,Atika,Saadaoui,5216450
181,Baroudia,Halim,6446334
182,Haddou,Zineb,5504208
183,Atef,Lotfi,7840791
184,Chefae,Mokhtari,4113375
185,Bouamama,Saoudi,6831035
186,Ayoub,Azzouzi,6937025
187,Hibat Allah,Mourad,9878394
188,Houssni,Mahfoud,8487067
189,Taib,El kadiri,8118547
190,Farhate,Lamrani,6118540
191,Nabaouia,Mekouar,8716284
192,Houmad,Ayoub,6883822
193,Maher,Mahfoud,9855412
194,Aizza,El haddad,8712545
195,Takwa,Fassi,9019495
196,Charaf,Slaoui,6381477
197,Zaki,Zakaria,2482847
198,Nour Eddine,Touil,2399919
199,Zaid,Omar,9428525
200,Jabrane,Hafidi,5775119
201,Irfane,Benamar,7429450
202,Rahali,Hakim,6029218
203,Siham,Marsli,9943173
204,Faras,El mustapha,5357687
205,Didi,Badr,4961053
206,Khdijtou,Hayat,6731393
207,Nour Eddine,Anouar,8769573
208,Abdeljabbar,Tazi,9624066
209,Zidane,Moumni,2199718
210,Amer,Ramzi,5073399
211,Chaouki,Mahboub,7237563
212,Hikma,Idrissi,9556690
213,Afif,Ahmed,6635768
214,Mimoun,Saoudi,5952095
215,Majd,Sabir,4108478
216,Masen,Chadli,9091396
217,Seddik,Wahbi,8545558
218,Jouhairia,Fadili,8529897
219,Younes,Moussaid,9566744
220,Nouri,Mahfoud,4861711
221,Farid,Halim,2443300
222,Yaakoob,El kadiri,4212585
223,Bakhta,Karimi,5415503
224,Kamal,Farah,7074310
225,Hachem,Nassiri,8456118
226,Kheira,Mouhib,4145865
227,Latif,Bakkali,2353528
228,Khairi,Nasri,5773358
229,Badri,Khadija,2015397
230,Kassem,Karimi,7734522
231,Farah,Benzakour,2106262
232,Khdrae,Zeroual,7123511
233,Atouf,El mansouri,3409337
234,Hamoud,Nouri,8646653
235,Rayda,Diouri,2360693
236,Ketou,Salmi,4550034
237,Ayacha,Abdel,6493598
238,Ebdelkahar,Sabri,8391921
239,Marima,Er,6751195
240,Mallal,Achraf,9160376
241,Ounssi,Nasri,9437913
242,Olfa,Raji,7593120
243,Nassim,Idrissi,2213650
244,Sabih,Bouali,9429218
245,Aissa,Kadiri,9199147
246,Sabri,Housni,5689392
247,Houcine,Hatim,8817048
248,Ghanim,Haddad,3080597
249,Gharae,Naciri,3653636
250,Yazid,Jamal,3778524
251,Abdelkarim,Zakaria,9661351
252,Kotb,Halim,8644271
253,Jaafar,Meftah,7702196
254,Abdenbi,Taha,7808315
255,Jouda,El idrissi,9828436
256,Adnane,Amraoui,2799995
257,Oum Essaad,Nasri,6823683
258,Samih,Faouzi,7197400
259,Choumaissa,Younes,7439782
260,Laite,Zahraoui,7308365
261,Khadra,Mansour,5893997
262,Hikma,Benomar,3711821
263,Amria,Jalal,2614888
264,Abla,Hamdi,4329705
265,Houmam,Bennouna,8319123
266,Masrour,Fassi,3313933
267,Bakhta,Loukili,9152064
268,Mobarek,El mahdi,2375004
269,Jnina,Sabri,6809053
270,Zahria,Amine,5453502
271,Maher,Ramzi,4544226
272,Azzelarab,Oulad,6040124
273,Abdelaati,Lamrani,3271966
274,Miloudia,Charif,9427514
275,Adib,Marouane,2266195
276,Manar,Taha,8116183
277,Milad,Cherkaoui,2820450
278,Kaema,Saadaoui,8125102
279,Rochdia,Mimouni,4657549
280,Yamane,Salma,4814166
281,Chakib,Kabbaj,7611761
282,Abdelbasset,Nabil,7115243
283,Boutaina,Naciri,7748086
284,Maamar,Habibi,9091081
285,Rhassane,Faiz,3719700
286,Khira,Sadki,2272776
287,Saida,Maarouf,8627714
288,Fettah,Hamza,2847628
289,Jad,Majid,4744508
290,Chafia,Choukri,7624559
291,Fadila,Sekkat,3308128
292,Elghaouti,Mimouni,8006821
293,Mahjouba,El amri,2575633
294,Elmouloudi,Moussaoui,3234600
295,Aouich,Ait,9284612
296,Leila,Saidi,7443037
297,Najiba,Nouri,2603763
298,Abdeljaouad,Amine,6235035
299,Amghar,Messaoudi,2147998
300,Malak,Zitouni,3386410
301,Idriss,Benkirane,4928877
302,Alia,Ait,8333837
303,Oualid,Stitou,8027629
304,Najiba,Sbai,2723797
305,Makhlouf,Moumen,9395928
306,Olaya,Khadija,9694534
307,Jmia,Rachidi,7677806
308,Jbilou,Mekouar,7866849
309,Bousedra,Soufiane,6359122
310,Atef,Soussi,6412674
311,Mazigh,Oussama,2882283
312,Zahira,Belhaj,3819885
313,Zahra,Slimani,2624844
314,Lounes,El ghazi,8441477
315,Abdelhafid,Sara,8081328
316,Jar Allah,Badaoui,8937167
317,Aizza,Salhi,5829355
318,Hind,El mehdi,6149362
319,Yasamine,Bennis,6523899
320,Abdelmouttalib,Jabrane,2804848
321,Naziha,Chaib,4728646
322,Najem,Tahri,6686583
323,Aissa,Alaoui,5172146
324,Smahane,Elasri,2545997
325,Najoua,Rami,6068073
326,Yakd,Elidrissi,4002819
327,Bennacer,El hassani,9512808
328,Nahed,Amine,5951429
329,Joundol,El ouazzani,9456236
330,Abdelmoumen,Zine,4506891
331,Inaya,El amrani,9573654
332,Jamila,Fadil,9760930
333,Oualid,Ameziane,5463632
334,Hourma,Bouayad,9055887
335,Ghassan,Bouazza,4570787
336,Amimar,Alaoui,3471026
337,Nafis,Allali,5653757
338,Hicham,Bensouda,6912943
339,Adham,Dahbi,9932078
340,Bakhta,Ait el,3512820
341,Chihab,Ismaili,5396878
342,Marzak,Hilal,7033223
343,Souhir,Habib,4225558
344,Dahane,Bensouda,6957291
345,Mayada,Rami,9662103
346,Abdeljalil,Hamdaoui,9722396
347,Abdelali,Sadki,6398849
348,Ouijdane,Taleb,4979195
349,Ouidad,Fatima,2401132
350,Fathia,Regragui,9018429
351,Ibtihaj,Fares,5173719
352,Charki,Elasri,6160486
353,Rachida,Boutaleb,5074332
354,Atik,Benkirane,5671051
355,Ghali,Marsli,7455293
356,Nader,Ouazzani,7142642
357,Zanba,Dahbi,2397139
358,Issoua,Es,6533675
359,Ketou,Bouazza,4664873
360,Nabih,Hanafi,8032795
361,Hadhoum,Baba,8717954
362,Fatou,Lotfi,3209361
363,Majid,Haddad,4287712
364,Abdelhakim,El bakkali,6598048
365,Alaeeddine,Stitou,9692235
366,Yasmine,Farid,8461969
367,Safi,Laaroussi,9859214
368,Tamra,El ghazi,4003744
369,Adib,Cherradi,4364971
370,Aya,Najib,5247652
371,Azam,Mimouni,5264179
372,Otaiba,Farah,3751796
373,Bichara,Riad,9900758
374,Oum Elhine,Wahbi,5122708
375,Ghanim,Zahir,9835614
376,Jarrah,Lotfi,7069741
377,Najda,Nejjar,4655625
378,Ilhame,Fouad,2245780
379,Fouzia,Dahmani,2628187
380,Jar Allah,Amraoui,4691249
381,Chahrazad,Sadki,3900688
382,Raouane,Loukili,6288845
383,Ezzahiria,Jalal,3624802
384,Jaydae,Alami,6240165
385,Fahd,Kabbaj,5372351
386,Sahila,Saadi,8580160
387,Abdelhafid,Malki,8517190
388,Siouar,El mostafa,7783845
389,Othmane,Jabrane,6149104
390,Oud Elouard,Bouzidi,9424575
391,Marima,Diouri,4891038
392,Assad,Ismail,7506905
393,Kaouakib,Bahi,9426378
394,Kandouz,Anas,4143818
395,Sabri,Touil,8205683
396,Dahane,Moussaid,2952954
397,Badda,Nour,2753381
398,Haroun,Saadaoui,2090694
399,Badri,Maroc,2537539
400,Saber,Fathi,4368593
401,Stela,El abbassi,3681236
402,Salem,Chahid,4292543
403,Kaouakib,Taleb,9384566
404,Tasnim,Mahmoudi,7435808
405,Kabbour,Farid,7284293
406,Azzeddine,Nasri,7182761
407,Baaka,Mimouni,7211611
408,Soulaimane,Amghar,4749263
409,Oum Essaad,Hassan,5191668
410,Taher,Tahri,9662595
411,Aref,Samir,3815336
412,Aida,El azzouzi,7645307
413,Abdelmoujib,Zaoui,3505806
414,Soulaimane,Hamdi,6295545
415,Rahima,Moumni,7169412
416,Haroun,Guessous,5796374
417,Salim,Bouazza,4203562
418,Lakbir,El hachimi,8940318
419,Ghazal,Hilal,2986432
420,Belaid,Bouziane,8959797
421,Chafik,Ouazzani,3936271
422,Fahmi,Mazouz,9950640
423,Habiba,Mohamed,8213098
424,Arij,Sabir,4293844
425,Saif Eddine,Allali,9611528
426,Atik,Touzani,3695640
427,Karim,Slaoui,4029636
428,Souhaila,Jabrane,7719324
429,Ijjou,Fassi,6673616
430,Salmane,Omar,6101256
431,Widen-May,Chafik,4524800
432,Habib,Taibi,8650994
433,Hassana,El mehdi,9105798
434,Othmane,Rahali,4790758
435,Soraya,Cherkaoui,4530012
436,Loukman,El hassani,9236640
437,Mabrouka,Wahbi,6272930
438,Jamal,Naciri,9369172
439,Jamal Eddine,Omar,6106423
440,Zaytouna,El mustapha,2388579
441,Bilal,Khalil,2820857
442,Raida,Touzani,8489920
443,Abdellah,Salim,9966158
444,Mina,Zahraoui,3314329
445,Elkhadir,Mansouri,5996037
446,Joundol,Sebti,6110937
447,Faiza,Touil,9049580
448,Atf,Khadija,6464803
449,Yanis,Moumni,9339162
450,Elazzouzia,Amzil,8216105
451,Benaissa,Achraf,7065513
452,Ikhlas,El mostafa,2425185
453,Alaeeddine,Soussi,4343667
454,Amer,Meftah,7958972
455,Mayada,Benani,3892381
456,Jbilou,Tarik,7408631
457,Salah,Hassan,6424536
458,Mamdouh,Chaib,8664485
459,Choaib,El idrissi,8381173
460,Adiba,Hamid,7797291
461,Atiba,Taibi,6020636
462,Yazza,Mahboub,8659474
463,Rafika,Saadaoui,6993846
464,Yaakoob,Hilali,2572192
465,Rana,Ibrahimi,5189384
466,Chmicha,Taibi,9359616
467,Amat Errahmane,Tijani,5184613
468,Ihssane,El mansouri,2374841
469,Massoud,Mabrouk,3456853
470,Ouiame,Moumen,9839726
471,Souhaib,Touzani,8333543
472,Sedki,Morchid,2683684
473,Ramzi,Hamdani,6044376
474,Chouhaiba,Zouhair,8794038
475,Atef,Sekkat,9901185
476,Assad,Khalid,2758903
477,Zahra,Samir,6447770
478,Rafiaa,Kasmi,8130291
479,Ettahra,Ibrahimi,4558837
480,Hmidouch,Saber,5684477
481,Majdoub,Diouri,6055821
482,Bouazza,Bensouda,9080917
483,Najia,Mounir,3841517
484,Zahra,Nadir,5083690
485,Azzeddine,Morchid,3794335
486,Kadour,Loukili,7898000
487,Zaid,Zakaria,3172710
488,Elissaouia,Amghar,3889032
489,Kamila,Hamdaoui,8189644
490,Fama,Benslimane,6705613
491,Yasmina,Sadki,4355193
492,Ichraf,Moumni,2309784
493,Refki,Houari,8791803
494,Abderaouf,Nassiri,9192583
495,Zidane,Abou,3108384
496,Mobarek,Fathi,2470638
497,Rajae,Hajji,4930398
498,Kadem,Samir,7889642
499,Abdelmoughit,Youssef,2346563
500,Kattou,Soufiane,3227802
501,Ghada,Fouad,7791158
502,Fikria,Ait el,6287233
503,Zoulikha,Chafik,8599154
504,Maamar,Tahri,6801205
505,Nouh,Salma,2639022
506,Salim,Boutaleb,5303954
507,Ouidad,Khalid,7861521
508,Manar,Marouane,5698242
509,Khatib,Soufiane,4404915
510,Ihssan,Housni,7512135
511,Abbas,Lotfi,6667670
512,Nahed,Mohammed,2196444
513,Majdoub,Ameziane,9514439
514,Yasser,Tahiri,3141609
515,Elyazi,Malki,5206416
516,Soltan,Nassiri,3195236
517,Hicham,Hamza,5730075
518,Soumia,Cherif,8700777
519,Hachmia,El alami,5289739
520,Imad Eddine,Moussaoui,8694210
521,Khdrae,Hamdaoui,8904888
522,Reda,Anouar,7403550
523,Karima,Diouri,4329640
524,Saad Eddine,Salmi,5276149
525,Sakina,Ouardi,2899753
526,Manal,Dahbi,9295283
527,Allouch,Abbassi,7126028
528,Chadlia,Rida,4260274
529,Touhami,Faouzi,9886828
530,Samira,Tarik,8460278
531,Ihssan,Mohammed,8470372
532,Yassir,Lahlou,7997707
533,Kotb,Diouri,5492241
534,Aboud,Mimouni,3717773
535,Ghita,Kadiri,5251054
536,Fatou,Mourad,8612428
537,Saoud Rochd,Sekkat,7859144
538,Badda,Lachhab,8956730
539,Jalila,Omar,2178789
540,Dah Mane,Bensaid,2807304
541,Abdelkhalek,Abdel,6790019
542,Haddou,Slimani,5733939
543,Rayan,Naim,7175127
544,Baaqa,El alami,4834713
545,Jamal,Habibi,4899146
546,Mansour,El bachir,2134475
547,Kaema,Mansour,9390869
548,Adel,Zahraoui,5663217
549,Ouarda,Ramzi,8241937
550,Choumaissa,Ismaili,2148109
551,Abdelmouhaimin,Nabil,8760787
552,Anbar,Benzakour,5626520
553,Maroua,Riad,7452744
554,Arjouane,Hatim,5657722
555,Baaqa,Habib,3148906
556,Samiha,Badr,8418569
557,Jar Allah,Badr,8959182
558,Tamime,Saad,8103835
559,Driss,Moussaoui,6345733
560,Jamila,Najib,2994237
561,Taoufika,Saadi,6882752
562,Yassir,Wahbi,7482430
563,Nasima,Chakir,5697805
564,Ibrahim,Saber,4173737
565,Yahya,Khalil,5123579
566,Zeryab,Housni,4880432
567,Khachane,Safi,9505740
568,Hazaz,Moumni,8372062
569,Haddou,Benmoussa,9349560
570,Zinba,Zitouni,5782876
571,Layla,Zerhouni,5683423
572,Maher,Bahi,2278177
573,Issam,Taibi,3540826
574,Amghar,Chafik,5063810
575,Bouchtaouia,Badri,4080197
576,Hadhoum,Hatim,6562148
577,Elouafi,Amri,3049622
578,Kassem,Abid,2093977
579,Jounaina,Chaoui,9664831
580,Asmae,Bentaleb,2116093
581,Achraf,Aarab,3108000
582,Labiba,El asri,6400965
583,Sadik,El bachir,3972625
584,Ilyas,Salhi,5372485
585,Ayoub,Loukili,6526349
586,Bouamrou,Mustapha,4982654
587,Milad,Malki,4470887
588,Abdelkabir,Jabrane,7967061
589,Chahida,Touzani,7396513
590,Maazouza,Moussaid,8557586
591,Rahima,El ghazi,3706802
592,Chams,Sami,4755561
593,Jaouad,Naciri,6292663
594,Loubana,Karimi,4068645
595,Jaber,Mekkaoui,7164563
596,Assad,Mounir,8075127
597,Raihane,Zahir,4152112
598,Otaiba,Saadaoui,3182923
599,Tisba,Fatima,8525457
600,Fattouch,Naji,5614593
601,Fikria,Ghazi,8422001
602,Razane,Zitouni,6585783
603,Louay,Salhi,8892203
604,Safira,Chaouki,4724309
605,Amane,Faouzi,7984742
606,Sami,Kasmi,6087882
607,Kotb,Anouar,6526601
608,Yassir,Benchekroun,8824188
609,Ghali,Halim,4947767
610,Latifa,Zahir,8262150
611,Seddik,Boukhari,3342124
612,Zinba,El amri,2507527
613,Benaissa,Bouayad,3325022
614,Isaad,Salmi,3012307
615,Bamou,El abbassi,6768259
616,Samad,Mouhib,6068038
617,Seouar,Mimouni,4136292
618,Messouda,Ouardi,4434872
619,Arif,Laaroussi,8411658
620,Jnina,Soufiane,9141019
621,Safoua,Fadil,2445509
622,Yamane,Ismail,8782730
623,Ichrak,Berrada,8872858
624,Allal,Mahmoudi,2598067
625,Aya,El idrissi,6960212
626,Lahbib,Nabil,8408155
627,Chaabane,Touil,2297011
628,Samrae,Taleb,4943311
629,Omria,Omari,9462571
630,Hossam Eddine,Taibi,9044881
631,Yasmine,El omari,4536791
632,Mezouara,Kettani,5676612
633,Tofail,Fassi,4108959
634,Salam,Zahraoui,3712880
635,Abdelhalim,Zaki,2576663
636,Chomeysa,El amrani,8410145
637,Chadia,Saadaoui,7162686
638,Abdelmoghit,Mabrouk,8412556
639,Nassiba,Lotfi,9568164
640,Jabour,Chihab,5758432
641,Alif,Habib,6436958
642,Nabila,Jabrane,3178735
643,Fama,Ahmed,5205832
644,Namira,Hamzaoui,4687684
645,Rouaya,Salim,9592743
646,Abdessamad,Ameziane,7684004
647,Tami,Rais,8468978
648,Elouafi,Lachhab,3895228
649,Achour,El mustapha,7164725
650,Mimoun,Elalaoui,3937969
651,Ouiame,Mekouar,5088005
652,Ouissal,Tazi,7573876
653,Marzouk,Hamidi,7519880
654,Olfa,Mohammed,8131536
655,Jabbour,Filali,6119824
656,Samira,Saoudi,8064663
657,Abdelghafour,Naciri,6790288
658,Safouane,Berrada,8244467
659,Marouane,Rida,7536674
660,Oum Elghait,Yousfi,2763454
661,Fakhr Eddine,Saber,6731251
662,Hajaj,Benamar,9491032
663,Jouda,Bouali,8387923
664,Azzelarab,Guessous,9858429
665,Salah,Baba,2134227
666,Doha,Sadiki,6508459
667,Elmahdi,Hachimi,8767090
668,Saadia,Mourad,3041166
669,Zahir,Chaoui,2949423
670,Haroun,Farah,3777601
671,Laith,Moussaoui,3234565
672,Okba,Fassi,6120434
673,Abdelkhalek,Khaldi,7538582
674,Bahi,Badri,8547045
675,Isaad,Houari,9412695
676,Kattou,Sara,7748030
677,Tisba,Allali,2623164
678,Touiba,Loukili,4540321
679,Fada,Rahali,4364428
680,Abdelaati,Bahi,7216176
681,Amat Errahmane,Kadiri,4734115
682,Soraya,Younes,4032036
683,Lotfi,Diouri,7642737
684,Jamal,Moumni,4050504
685,Aouich,Houari,7305118
686,Jadouane,Jabri,4147470
687,Masen,Khaldi,8010122
688,Abdelhakim,Saber,9486103
689,Farida,Loukili,4194382
690,Houcine,Ali,8584364
691,Badr Essououd,Najib,8001607
692,Mamoun,Zahir,6960825
693,Achoura,Amri,3357743
694,Elfatmi,El kadiri,2827748
695,Marima,El mehdi,3610839
696,Siham,Rahali,9107820
697,Abdelhaq,Slimani,7278832
698,Benaissa,El hachimi,6088932
699,Elbachir,Tahri,2314362
700,Aboubakr,Nouri,8073195
701,Rkia,Rachid,3078808
702,Anbar,Elalaoui,8825443
703,Bouekri,Rachid,3709669
704,Ikram,Cherkaoui,6692599
705,Safae,Slimani,9450847
706,Chehabe,Ali,2364060
707,Seddik,Radi,6423729
708,Ezzine,Fadel,7942040
709,Abbas,Khalil,3531695
710,Razouk,Marsli,6924405
711,Chaimae,Kasmi,8122281
712,Ezzahiria,Majid,6906244
713,Nofayla,Majid,4705167
714,Nassih,Hamid,9005350
715,Yazza,Habib,5907280
716,Hamiddouche,Yousfi,9194562
717,Yassine,Benbrahim,5823534
718,Ichraf,Saoudi,9336574
719,Neama,Choukri,4530020
720,Mesbah,Benani,6571637
721,Wadia,Safi,7814787
722,Zina,Hamdaoui,5053775
723,Layachi,Kabbaj,6333196
724,Najma,Rachidi,6645742
725,Mama,Bouziane,3141077
726,Tahera,Abbassi,8665738
727,Samrae,Maroc,4255904
728,Fikria,Hafidi,5692241
729,Zaki,Kharbouch,2207938
730,Khattou,Fatima,3445799
731,Chaouki,Salmi,6581692
732,Haddou,Benchekroun,8066818
733,Nouaman,Nabil,2975965
734,Mofid,Dahmani,6027142
735,M’Birika,Zahir,9462640
736,Lounis,Id,3208549
737,Bardis,Malki,6190801
738,Issoua,Madani,8552085
739,Mennana,Hachimi,8431404
740,Ilhame,Meftah,8814474
741,Oumelghit,Bouali,4031442
742,Chaddad,Fadil,8965938
743,Abed,Ouazzani,7747266
744,Bichr,Hassani,8453199
745,Sara,Sadki,9602900
746,Raouad,Maroc,6452629
747,Kaouakib,Jabri,2860660
748,Abdelhakim,Ramzi,3430859
749,Ghizlane,Zitouni,3458235
750,Safira,Anas,9652489
751,Ouardia,Hafid,2096043
752,Kaoukeb,Kadiri,5480070
753,Amria,Fouad,8958418
754,Benasser,Naji,8740293
755,Hamou,Abdel,2719986
756,Abdessatar,Guessous,7051418
757,Touda,Nadir,8170913
758,Intissar,Rida,6044502
759,Farida,Youssef,2470922
760,Jmia,Chadli,4504590
761,Loubana,El mostafa,6030375
762,Addi,Boutaleb,8947910
763,Aouicha,Achraf,2446580
764,Fikria,Dahbi,3581140
765,Abdelmouhaimin,Lamrani,5351429
766,Drissia,Mahmoudi,6923033
767,Hazem,Lamrani,6509445
768,Menna,Elamrani,3742893
769,Reda,El mustapha,9149138
770,Zoubir,El mustapha,8972813
771,Saadia,Sadiki,4060365
772,Halal,Ismail,4495561
773,Hanifa,Fares,7373300
774,Fatouch,Fatima,6917796
775,Randa,Talbi,3232160
776,Yezza,Rami,6665894
777,Ibtissame,Er,2593726
778,Abdelmouhaimin,Mekouar,6134675
779,Saber,Cherradi,6994819
780,Khalfia,Bouzid,3077334
781,Samara,Sabri,2358816
782,Hafsa,Zerouali,4201640
783,Kadour,Saidi,9889399
784,Dikra,Daoudi,3546155
785,Khatib,Moussaoui,9869977
786,Safira,Mahboub,7996884
787,Rochdia,Radi,7327583
788,Lounes,Amine,4562169
789,Ines,Housni,4630455
790,Fares,Nabil,5564713
791,Habiba,Choukri,2178967
792,Badria,Samir,8124100
793,Sahel,El abbassi,8903451
794,Yazid,Bouzid,3742555
795,Fael,Khaldi,8612596
796,Oualida,Adil,3622283
797,Adrae,Adnane,4005367
798,Zaytouna,Benjelloun,6712946
799,Reda Allah,El alaoui,4048310
800,Ouasima,Chami,6141930
801,Ghita,Naim,4099872
802,Ghazil,Benkirane,8324019
803,Soltan,Azizi,5044543
804,Masouda,Sami,5477841
805,Layla,Achraf,9413482
806,Dahbi,Tahri,5260926
807,Tamime,Rida,3845674
808,Abdelouali,Hamid,2828573
809,Hinda,El ouazzani,4113829
810,Elkebir,Mekkaoui,9596089
811,Kamar,Dahbi,4587191
812,Najm Eddine,El bakkali,6841408
813,Ihssan,Filali,9053456
814,Akram,Sadiki,8024077
815,Abdelouahid,Rida,9441422
816,Ainaya,Fadel,9793179
817,Azzouz,Hamzaoui,5251436
818,Sakina,Sabri,3194459
819,Daoud,El amrani,2029406
820,Taki Eddine,Abdellaoui,5348471
821,Jad Elmoula,El amri,4436462
822,Yakout,Filali,2158569
823,Soukaina,Salah,6253662
824,Hayat,Mahmoudi,8450611
825,Abdelfattah,Sadki,2102526
826,Mnaouar,Ziani,8410858
827,Rabeh,Ait el,8689234
828,Larbi,Brahim,8120776
829,Thouriya,Hanane,8484151
830,Nachoua,Sadiki,9541454
831,Habiba,El asri,6904538
832,Milouda,Semlali,4161066
833,Abdessalam,Chaoui,3707882
834,Nabih,Malki,8519818
835,Abdelali,Abou,5552852
836,Ghanima,Sadki,8749449
837,Ghazal,Adnane,6073300
838,Hafida,El idrissi,7959092
839,Soltan,Chihab,2553459
840,Maha,El mahdi,5613965
841,Nadir,Saoudi,3070117
842,Nadifa,Benkirane,5303427
843,Abdelali,Benbrahim,7134357
844,Allou,Mouhib,3769660
845,Zoubir,Saadi,7626981
846,Hafida,Sadiki,2086147
847,Abdelhak,Lotfi,9341687
848,Abdourabih,Azzouzi,4693879
849,Choumaissa,Bouayad,8952822
850,Daidai,Mahmoudi,6868796
851,Rafika,Hamidi,8274222
852,Charki,Mohammed,7326542
853,Safae,Rahmani,9511494
854,Abdelouahid,Benmoussa,8253710
855,Jouda,Bouziane,5274496
856,Kacem,Id,4297879
857,Hamd,El mansouri,6288912
858,Hssina,Boutaleb,2086781
859,Darifa,Messaoudi,6706622
860,Maouahib,Salim,8297282
861,Nachwa,Moumni,8877263
862,Ihssane,Dahbi,3367747
863,Saif,Dahmani,6303813
864,Nader,Benani,9940639
865,Chafia,Fakir,8311912
866,Ameur,Azizi,8205643
867,Yassir,Abid,8925537
868,Ezzahiria,Moussaoui,5737761
869,Ayad,Adnane,2872905
870,Kaoukeb,Malki,5968383
871,Sami,Chaouki,9039990
872,Eldaouia,Boukhari,5857811
873,Najda,Samir,4177611
874,Aizza,Drissi,7659083
875,Badr Ezzamane,El mustapha,2714164
876,Jar Allah,Nassiri,7337148
877,Lounis,Abdel,5889582
878,Nabaouia,Benmoussa,7116109
879,Oum Elbanine,Saoud,8115905
880,Zoubida,Amri,5858796
881,Chaouki,Bouali,8333800
882,Hssina,Cherif,3617408
883,Zahid,Mokhtari,4942479
884,Amimar,El hassan,3950079
885,Hamou,Boutaleb,4932840
886,Kouider,Hafidi,4346912
887,Rafiaa,Aarab,5304977
888,Achouak,Marsli,8311493
889,Anssi,Ali,3342736
890,Elghaouti,Tijani,6482317
891,Saad Eddine,Sami,6289212
892,Abdelghani,Atif,3671692
893,Joumana,Benchekroun,9368800
894,Houmad,El mokhtar,6797131
895,Jaydae,Salma,3182736
896,Nabil,Badaoui,8152693
897,Najd,Oussama,3355013
898,Touiba,Jalal,2479760
899,Radia,Chakir,4725811
900,Ratiba,Sekkat,6135590
901,Jilali,El haddad,8898278
902,Racha,Lahlou,2342293
903,Abdelilah,Soussi,7110205
904,Jabbour,Zaoui,8375032
905,Bachira,Taha,5670105
906,Thami,Mahfoud,9516170
907,Chahid,Benkirane,5930351
908,Zaid,Ghazi,6546703
909,Diae Eddine,Elalaoui,3456635
910,Ouahida,Zine,4271154
911,Mahrez,Hanafi,9627877
912,Saousane,Sami,3135383
913,Layachi,Bouayad,8773245
914,Elmadani,Ayoub,7279087
915,Irchad,Salah,2409103
916,Dalil,Boukhari,2627439
917,Hadhoum,El idrissi,7029310
918,Jenna,Hamdani,9311039
919,Hadir,Rahmouni,3175406
920,Fahd,El bachir,4456118
921,Rajae,Abdel,5448302
922,Diae Eddine,Khattabi,9774780
923,Didi,Abdou,5979499
924,Hamou,Zeroual,4501004
925,Atef,Adil,9034458
926,Mahmoud,Meftah,6498134
927,Elghazouani,El alaoui,4841329
928,Hmidouch,Ameziane,6632373
929,Alami,Bel,7898792
930,Ouasima,El alami,6190901
931,Alou,Elamrani,9205193
932,Olfa,El omari,9826527
933,Salem,Majid,4902860
934,Marzouk,Azizi,6684027
935,Fahima,Faouzi,5090156
936,Rabbah,Mustapha,5639612
937,Fariha,El hassani,5763809
938,Chaouki,Benbrahim,2608626
939,Madani,Kasmi,9787243
940,Madani,Lakhal,9473852
941,Abdelghafour,Yassine,7044626
942,Elaydi,Fahmi,3825969
943,Bikr,Regragui,5472843
944,Bouselham,Elalaoui,4266216
945,Jeddia,Amri,2657610
946,Jamal,Badaoui,9035685
947,Oum Elhine,Bouziane,4786146
948,Nouma,Lahlou,4336301
949,Elkebir,Ouardi,2810170
950,Kabira,Mounir,9925386
951,Tilila,Habib,8463440
952,Salmane,Kasmi,8307981
953,Amara,Elalaoui,6863766
954,Bada,Fikri,5760452
955,Awicha,Hilal,3530723
956,Narjis,Elasri,9418615
957,Khdijtou,Kabbaj,3146222
958,Assia,El bakkali,6934136
959,Abdelhalim,El houssine,7922384
960,Elmahdi,Sara,7515472
961,Aya,Rami,8218235
962,Daidai,Mohammed,4988552
963,Achour,Habib,6039351
964,Oum Essaad,Talbi,9642464
965,Farida,Rahmouni,3762271
966,Mamat,Mahmoudi,9214581
967,Aya,Aissaoui,6334289
968,Jadia,Sara,6057195
969,Faik,Guessous,8986116
970,Baba,Sami,7268810
971,Sobhi,Safi,6459746
972,Jabour,Abdo,8768549
973,Sadik,Hamza,3784883
974,Lahbib,Es,7660627
975,Chams,Zineb,6239186
976,Bouekri,Filali,4958223
977,Lina,El mokhtar,6758098
978,Tama,Aziz,8548981
979,Ghania,Soufiane,3468602
980,Samir,Chahid,9024789
981,Mofid,Saidi,2712098
982,Adam,Moumen,2700665
983,Chaden,Salim,7390146
984,Mina,Hanafi,5231591
985,Zakia,Erraji,6983087
986,Nachita,Khalil,6890321
987,Charaf,Moumen,7741976
988,Chadia,Chaouki,9191312
989,Ibtissame,Aissaoui,5906533
990,Haddou,Fadil,4709213
991,Intissar,Lahlou,2661566
992,Alilou,El mahdi,2793046
993,Haidar,Filali,8774462
994,Yattou,Sabir,2205815
995,Bichr,Choukri,5937687
996,Nadir,Maarouf,5837798
997,Samara,Hamidi,4944467
998,Yassira,Lachhab,5573794
999,Tlaitmas,Youssef,5559748
1000,Ikbal,Elidrissi,5497191
