ID_CLIENT_SYNTH,RIB,Nom,Prénom,Solde_MAD,SIGNATURE_ID_REF,PATH_GENUINE,PATH_FORGED
1,230691560000000000000077,Zahraoui,Neama,79491.13,001,backend/app/data/sign_data\001,backend/app/data/sign_data\001_forg
2,230201050000000123456735,Hamid,Salima,46961.86,002,backend/app/data/sign_data\002,backend/app/data/sign_data\002_forg
3,230510020000000246913497,Ait,Allali,50983.04,003,backend/app/data/sign_data\003,backend/app/data/sign_data\003_forg
4,230201800000000370370101,Omari,Samiha,35819.21,004,backend/app/data/sign_data\004,backend/app/data/sign_data\004_forg
5,230410560000000493826826,Taleb,Nehal,95171.04,005,backend/app/data/sign_data\005,backend/app/data/sign_data\005_forg
6,230241110000000617283558,Ait,Azzelarab,19861.06,006,backend/app/data/sign_data\006,backend/app/data/sign_data\006_forg
7,230339060000000740740253,Lotfi,Jouda,17437.64,007,backend/app/data/sign_data\007,backend/app/data/sign_data\007_forg
8,230326640000000864196949,Diouri,Sabri,51776.86,008,backend/app/data/sign_data\008,backend/app/data/sign_data\008_forg
9,230119560000000987653680,Sebti,Rachid,69969.73,009,backend/app/data/sign_data\009,backend/app/data/sign_data\009_forg
10,230403460000001111110334,Ait,Farji,82574.3,010,backend/app/data/sign_data\010,backend/app/data/sign_data\010_forg
11,230482750000001234567088,Yassine,Naziha,73630.91,011,backend/app/data/sign_data\011,backend/app/data/sign_data\011_forg
12,230461280000001358023789,El amrani,Adib,67700.75,012,backend/app/data/sign_data\012,backend/app/data/sign_data\012_forg
13,230314260000001481480450,El hassan,Maroua,40475.21,013,backend/app/data/sign_data\013,backend/app/data/sign_data\013_forg
14,230932410000001604937108,Sadki,Sadik,70691.46,014,backend/app/data/sign_data\014,backend/app/data/sign_data\014_forg
15,230952620000001728393804,Benani,Saif,66595.72,015,backend/app/data/sign_data\015,backend/app/data/sign_data\015_forg
16,230873300000001851850506,El mostafa,Salama,20297.78,016,backend/app/data/sign_data\016,backend/app/data/sign_data\016_forg
17,230504720000001975307271,Meziane,Mahbouba,14502.06,017,backend/app/data/sign_data\017,backend/app/data/sign_data\017_forg
18,230542580000002098763985,Hilal,Smahane,67797.08,018,backend/app/data/sign_data\018,backend/app/data/sign_data\018_forg
19,230522420000002222220674,Choukri,Afif,66154.19,019,backend/app/data/sign_data\019,backend/app/data/sign_data\019_forg
20,230543490000002345677363,Salma,Hala,98170.19,020,backend/app/data/sign_data\020,backend/app/data/sign_data\020_forg
21,230751380000002469134001,Malki,Saad Eddine,20815.78,021,backend/app/data/sign_data\021,backend/app/data/sign_data\021_forg
22,230550820000002592590738,Abdellaoui,Zanouba,91919.97,022,backend/app/data/sign_data\022,backend/app/data/sign_data\022_forg
23,230505700000002716047450,Sadik,Nasira,23468.33,023,backend/app/data/sign_data\023,backend/app/data/sign_data\023_forg
24,230929080000002839504135,Fadel,Khattou,44519.86,024,backend/app/data/sign_data\024,backend/app/data/sign_data\024_forg
25,230850590000002962960820,Chihab,Chedad,77589.95,025,backend/app/data/sign_data\025,backend/app/data/sign_data\025_forg
26,230968520000003086417577,Chaouki,Hania,11889.97,026,backend/app/data/sign_data\026,backend/app/data/sign_data\026_forg
27,230457130000003209874292,Mimouni,Badr Ezzamane,86895.28,027,backend/app/data/sign_data\027,backend/app/data/sign_data\027_forg
28,230928920000003333330910,Erraji,Salmane,87998.61,028,backend/app/data/sign_data\028,backend/app/data/sign_data\028_forg
29,230656330000003456787600,Rami,Chihab,56463.06,029,backend/app/data/sign_data\029,backend/app/data/sign_data\029_forg
30,230709610000003580244383,Bel,Sanae,84366.94,030,backend/app/data/sign_data\030,backend/app/data/sign_data\030_forg
31,230952370000003703701081,Slaoui,Azzelarab,16626.3,031,backend/app/data/sign_data\031,backend/app/data/sign_data\031_forg
32,230243870000003827157792,Charif,Zaytouna,7964.63,032,backend/app/data/sign_data\032,backend/app/data/sign_data\032_forg
33,230595800000003950614483,Nabil,Marzak,86432.88,033,backend/app/data/sign_data\033,backend/app/data/sign_data\033_forg
34,230576940000004074071105,Lazrak,Zekri,14981.49,034,backend/app/data/sign_data\034,backend/app/data/sign_data\034_forg
35,230234090000004197527872,Sekkat,Amara,4721.99,035,backend/app/data/sign_data\035,backend/app/data/sign_data\035_forg
36,230268790000004320984525,Saadi,Allouch,90684.0,036,backend/app/data/sign_data\036,backend/app/data/sign_data\036_forg
37,230658390000004444441214,Saoud,Hamida,8061.03,037,backend/app/data/sign_data\037,backend/app/data/sign_data\037_forg
38,230980950000004567897976,Faiz,Abla,91931.52,038,backend/app/data/sign_data\038,backend/app/data/sign_data\038_forg
39,230278770000004691354609,El hilali,Houssine,73256.18,039,backend/app/data/sign_data\039,backend/app/data/sign_data\039_forg
40,230411320000004814811374,Jamali,Ouajdi,29277.7,040,backend/app/data/sign_data\040,backend/app/data/sign_data\040_forg
41,230806440000004938268001,Salah,Namae,79196.99,041,backend/app/data/sign_data\041,backend/app/data/sign_data\041_forg
42,230405700000005061724760,Raji,Anbar,17257.97,042,backend/app/data/sign_data\042,backend/app/data/sign_data\042_forg
43,230819520000005185181481,Hilali,Moad,5782.28,043,backend/app/data/sign_data\043,backend/app/data/sign_data\043_forg
44,230772370000005308638161,Fikri,Hssina,92504.7,044,backend/app/data/sign_data\044,backend/app/data/sign_data\044_forg
45,230328350000005432094828,Hamidi,Bouselham,78515.0,045,backend/app/data/sign_data\045,backend/app/data/sign_data\045_forg
46,230675890000005555551538,Hakim,Omar,16274.17,046,backend/app/data/sign_data\046,backend/app/data/sign_data\046_forg
47,230855670000005679008206,El idrissi,Ezzine,83516.13,047,backend/app/data/sign_data\047,backend/app/data/sign_data\047_forg
48,230874450000005802464931,Sebti,Taoufika,60366.54,048,backend/app/data/sign_data\048,backend/app/data/sign_data\048_forg
49,230482970000005925921681,Taoufik,Abdrabbou,7875.35,049,backend/app/data/sign_data\049,backend/app/data/sign_data\049_forg
50,230951580000006049378394,Habib,Jihane,19050.7,050,backend/app/data/sign_data\050,backend/app/data/sign_data\050_forg
51,230551710000006172835052,Salhi,Hannou,89813.46,051,backend/app/data/sign_data\051,backend/app/data/sign_data\051_forg
52,230920330000006296291796,Bouzid,Abdelouahab,66965.31,052,backend/app/data/sign_data\052,backend/app/data/sign_data\052_forg
53,230597930000006419748415,El mustapha,Houd,10661.71,053,backend/app/data/sign_data\053,backend/app/data/sign_data\053_forg
54,230813130000006543205129,Chihab,Rana,56950.76,054,backend/app/data/sign_data\054,backend/app/data/sign_data\054_forg
55,230457650000006666661846,Nabil,Ouasima,2808.52,055,backend/app/data/sign_data\055,backend/app/data/sign_data\055_forg
56,230359520000006790118552,Sekkat,Amal,73849.39,056,backend/app/data/sign_data\056,backend/app/data/sign_data\056_forg
57,230656670000006913575217,El azzouzi,Hazaz,19899.46,057,backend/app/data/sign_data\057,backend/app/data/sign_data\057_forg
58,230703720000007037031919,Charif,Adila,9768.54,058,backend/app/data/sign_data\058,backend/app/data/sign_data\058_forg
59,230850560000007160488613,Lakhal,Nabil,1255.16,059,backend/app/data/sign_data\059,backend/app/data/sign_data\059_forg
60,230845650000007283945388,Hamid,Majida,10175.81,060,backend/app/data/sign_data\060,backend/app/data/sign_data\060_forg
61,230636160000007407402099,Drissi,Istirae,27810.11,061,backend/app/data/sign_data\061,backend/app/data/sign_data\061_forg
62,230131270000007530858713,Tahiri,Irchad,46702.01,062,backend/app/data/sign_data\062,backend/app/data/sign_data\062_forg
63,230750270000007654315495,Fadili,Kadour,98725.44,063,backend/app/data/sign_data\063,backend/app/data/sign_data\063_forg
64,230995530000007777772102,Sbai,Hourma,21980.92,064,backend/app/data/sign_data\064,backend/app/data/sign_data\064_forg
65,230514560000007901228870,El mehdi,Elchahid,22237.79,065,backend/app/data/sign_data\065,backend/app/data/sign_data\065_forg
66,230316710000008024685504,Sebti,Seddika,95731.9,066,backend/app/data/sign_data\066,backend/app/data/sign_data\066_forg
67,230824780000008148142218,Moussaoui,Irfane,83495.69,067,backend/app/data/sign_data\067,backend/app/data/sign_data\067_forg
68,230274940000008271598925,Tijani,Nizar,33603.31,068,backend/app/data/sign_data\068,backend/app/data/sign_data\068_forg
69,230999150000008395055648,Semlali,Elaidya,7460.71,069,backend/app/data/sign_data\069,backend/app/data/sign_data\069_forg
70,230811590000008518512309,Belghiti,Elchahid,14537.46,070,backend/app/data/sign_data\070,backend/app/data/sign_data\070_forg
71,230848740000008641969092,Tazi,Nasr Eddine,21996.48,071,backend/app/data/sign_data\071,backend/app/data/sign_data\071_forg
72,230255870000008765425707,El hassani,Abdessatar,1295.99,072,backend/app/data/sign_data\072,backend/app/data/sign_data\072_forg
73,230720720000008888882448,Guessous,Bachir,15519.03,073,backend/app/data/sign_data\073,backend/app/data/sign_data\073_forg
74,230889200000009012339155,Diouri,Laite,5051.51,074,backend/app/data/sign_data\074,backend/app/data/sign_data\074_forg
75,230288570000009135795874,Mekouar,Mariem,38986.98,075,backend/app/data/sign_data\075,backend/app/data/sign_data\075_forg
76,230113450000009259252536,Mourad,Leila,2364.72,076,backend/app/data/sign_data\076,backend/app/data/sign_data\076_forg
77,230937500000009382709296,Er,Atef,57377.17,077,backend/app/data/sign_data\077,backend/app/data/sign_data\077_forg
78,230186370000009506165995,Morchid,Jaouda,49456.73,078,backend/app/data/sign_data\078,backend/app/data/sign_data\078_forg
79,230365170000009629622604,Ouali,Zine Eddine,16461.9,079,backend/app/data/sign_data\079,backend/app/data/sign_data\079_forg
80,230517770000009753079357,Naji,Marzak,41762.17,080,backend/app/data/sign_data\080,backend/app/data/sign_data\080_forg
81,230783480000009876536030,Farah,Khalila,55850.3,081,backend/app/data/sign_data\081,backend/app/data/sign_data\081_forg
82,230643390000009999992705,Yousfi,Salim,58529.33,082,backend/app/data/sign_data\082,backend/app/data/sign_data\082_forg
83,230366200000010123449482,Ouazzani,Moumna,63219.57,083,backend/app/data/sign_data\083,backend/app/data/sign_data\083_forg
84,230410010000010246906196,Khadija,Nader,70100.72,084,backend/app/data/sign_data\084,backend/app/data/sign_data\084_forg
85,230617960000010370362891,Tijani,Nahla,86082.84,085,backend/app/data/sign_data\085,backend/app/data/sign_data\085_forg
86,230668340000010493819579,Benslimane,Houria,70683.76,086,backend/app/data/sign_data\086,backend/app/data/sign_data\086_forg
87,230942390000010617276272,El amrani,Daoud,84248.1,087,backend/app/data/sign_data\087,backend/app/data/sign_data\087_forg
88,230385580000010740732952,Mekouar,Manar,84166.22,088,backend/app/data/sign_data\088,backend/app/data/sign_data\088_forg
89,230214390000010864189689,Soufiane,Fahd,8924.61,089,backend/app/data/sign_data\089,backend/app/data/sign_data\089_forg
90,230261940000010987646335,Mekkaoui,Abdelkouddous,994.97,090,backend/app/data/sign_data\090,backend/app/data/sign_data\090_forg
91,230324670000011111103051,Hamdaoui,Arbi,47193.98,091,backend/app/data/sign_data\091,backend/app/data/sign_data\091_forg
92,230469390000011234559711,Salma,Ayachi,13232.77,092,backend/app/data/sign_data\092,backend/app/data/sign_data\092_forg
93,230482350000011358016404,Laaroussi,Azhar,78210.51,093,backend/app/data/sign_data\093,backend/app/data/sign_data\093_forg
94,230683120000011481473152,Dahmani,Hamou,44168.62,094,backend/app/data/sign_data\094,backend/app/data/sign_data\094_forg
95,230444380000011604929860,Benjelloun,Abdelhalim,21618.9,095,backend/app/data/sign_data\095,backend/app/data/sign_data\095_forg
96,230603670000011728386502,Elalaoui,Sabiha,58679.2,096,backend/app/data/sign_data\096,backend/app/data/sign_data\096_forg
97,230644220000011851843266,Kasmi,Allouch,46996.83,097,backend/app/data/sign_data\097,backend/app/data/sign_data\097_forg
98,230885000000011975299952,El mahdi,Maria,54858.13,098,backend/app/data/sign_data\098,backend/app/data/sign_data\098_forg
99,230354830000012098756624,Mohammed,Chadi,97628.98,099,backend/app/data/sign_data\099,backend/app/data/sign_data\099_forg
100,230901540000012222213396,Khalil,Eloualid,14040.07,100,backend/app/data/sign_data\100,backend/app/data/sign_data\100_forg
101,230937670000012345670034,Bel,Yanis,7303.27,101,backend/app/data/sign_data\101,backend/app/data/sign_data\101_forg
102,230743410000012469126728,Tarik,Jmia,10111.74,102,backend/app/data/sign_data\102,backend/app/data/sign_data\102_forg
103,230216430000012592583420,Berrada,Sakina,57203.26,103,backend/app/data/sign_data\103,backend/app/data/sign_data\103_forg
104,230736780000012716040175,Mohammed,Assad,56890.36,104,backend/app/data/sign_data\104,backend/app/data/sign_data\104_forg
105,230270210000012839496820,Tazi,Samih,51155.32,105,backend/app/data/sign_data\105,backend/app/data/sign_data\105_forg
106,230473550000012962953570,El mokhtar,Tisba,47373.39,106,backend/app/data/sign_data\106,backend/app/data/sign_data\106_forg
107,230254260000013086410293,Zahraoui,Harrou,20592.77,107,backend/app/data/sign_data\107,backend/app/data/sign_data\107_forg
108,230821660000013209866925,Maroc,Hamou,36662.42,108,backend/app/data/sign_data\108,backend/app/data/sign_data\108_forg
109,230589340000013333323690,Ayoub,Sallam,54662.03,109,backend/app/data/sign_data\109,backend/app/data/sign_data\109_forg
110,230175530000013456780313,Semlali,Hamouda,54825.2,110,backend/app/data/sign_data\110,backend/app/data/sign_data\110_forg
111,230765020000013580237049,Nait,Zanba,43796.15,111,backend/app/data/sign_data\111,backend/app/data/sign_data\111_forg
112,230272020000013703693720,Nouri,Antar,6228.39,112,backend/app/data/sign_data\112,backend/app/data/sign_data\112_forg
113,230129550000013827150481,Benzakour,Khadouja,4421.59,113,backend/app/data/sign_data\113,backend/app/data/sign_data\113_forg
114,230665280000013950607119,Kamal,Ahlam,36194.27,114,backend/app/data/sign_data\114,backend/app/data/sign_data\114_forg
115,230838190000014074063857,Baba,Fakhr Eddine,79587.3,115,backend/app/data/sign_data\115,backend/app/data/sign_data\115_forg
116,230167060000014197520528,Nouri,Sohaib,40145.47,116,backend/app/data/sign_data\116,backend/app/data/sign_data\116_forg
117,230591450000014320977275,Nait,Assia,85003.25,117,backend/app/data/sign_data\117,backend/app/data/sign_data\117_forg
118,230619850000014444433924,Madani,Moufida,97426.68,118,backend/app/data/sign_data\118,backend/app/data/sign_data\118_forg
119,230868220000014567890647,Oussama,Madiha,88770.41,119,backend/app/data/sign_data\119,backend/app/data/sign_data\119_forg
120,230423250000014691347398,El ouardi,Fatou,50734.28,120,backend/app/data/sign_data\120,backend/app/data/sign_data\120_forg
121,230439480000014814804052,Morchid,Reda,70247.83,121,backend/app/data/sign_data\121,backend/app/data/sign_data\121_forg
122,230553460000014938260789,Elasri,Fathi,67582.56,122,backend/app/data/sign_data\122,backend/app/data/sign_data\122_forg
123,230201890000015061717431,Taleb,Kaeda,40378.9,123,backend/app/data/sign_data\123,backend/app/data/sign_data\123_forg
124,230820160000015185174180,Talbi,Badri,30269.88,124,backend/app/data/sign_data\124,backend/app/data/sign_data\124_forg
125,230129880000015308630833,Hamdaoui,Harouch,65016.17,125,backend/app/data/sign_data\125,backend/app/data/sign_data\125_forg
126,230445280000015432087571,El alami,Chaden,32781.8,126,backend/app/data/sign_data\126,backend/app/data/sign_data\126_forg
127,230917230000015555544241,Senhaji,Hasiba,60853.33,127,backend/app/data/sign_data\127,backend/app/data/sign_data\127_forg
128,230630060000015679000908,Filali,Hammam,40063.11,128,backend/app/data/sign_data\128,backend/app/data/sign_data\128_forg
129,230460510000015802457688,Badr,Arbi,88280.07,129,backend/app/data/sign_data\129,backend/app/data/sign_data\129_forg
130,230734570000015925914352,Chaouki,Adel,4805.5,130,backend/app/data/sign_data\130,backend/app/data/sign_data\130_forg
131,230524270000016049371003,Rachidi,Fahd,98548.72,131,backend/app/data/sign_data\131,backend/app/data/sign_data\131_forg
132,230414510000016172827745,Amghar,Karima,47443.76,132,backend/app/data/sign_data\132,backend/app/data/sign_data\132_forg
133,230498500000016296284430,Oussama,Laite,62488.42,133,backend/app/data/sign_data\133,backend/app/data/sign_data\133_forg
134,230489230000016419741129,Rahmouni,Kheira,96437.57,134,backend/app/data/sign_data\134,backend/app/data/sign_data\134_forg
135,230242290000016543197813,Fahmi,Zaki,4579.5,135,backend/app/data/sign_data\135,backend/app/data/sign_data\135_forg
136,230311180000016666654577,Badri,Nadir,78262.48,136,backend/app/data/sign_data\136,backend/app/data/sign_data\136_forg
137,230614750000016790111298,Bouziane,Achouak,80032.37,137,backend/app/data/sign_data\137,backend/app/data/sign_data\137_forg
138,230701010000016913567929,Rahmouni,Israe,64446.21,138,backend/app/data/sign_data\138,backend/app/data/sign_data\138_forg
139,230421610000017037024664,El mahdi,Chaddad,87528.03,139,backend/app/data/sign_data\139,backend/app/data/sign_data\139_forg
140,230824250000017160481377,Maarouf,Ramdane,99619.27,140,backend/app/data/sign_data\140,backend/app/data/sign_data\140_forg
141,230566370000017283938040,Hicham,Yasser,57109.65,141,backend/app/data/sign_data\141,backend/app/data/sign_data\141_forg
142,230231800000017407394757,Mourad,Abdessabour,79296.03,142,backend/app/data/sign_data\142,backend/app/data/sign_data\142_forg
143,230763980000017530851405,Sami,Zidane,99373.0,143,backend/app/data/sign_data\143,backend/app/data/sign_data\143_forg
144,230729500000017654308113,Farah,Adham,66232.07,144,backend/app/data/sign_data\144,backend/app/data/sign_data\144_forg
145,230825180000017777764866,Jamali,Zidane,40035.56,145,backend/app/data/sign_data\145,backend/app/data/sign_data\145_forg
146,230686380000017901221519,Bel,Daouia,76406.41,146,backend/app/data/sign_data\146,backend/app/data/sign_data\146_forg
147,230313740000018024678286,Raji,Kawakib,48057.24,147,backend/app/data/sign_data\147,backend/app/data/sign_data\147_forg
148,230622860000018148134982,Farah,Otaiba,6705.75,148,backend/app/data/sign_data\148,backend/app/data/sign_data\148_forg
149,230946780000018271591622,Drissi,Oum Keltoum,63366.24,149,backend/app/data/sign_data\149,backend/app/data/sign_data\149_forg
150,230929900000018395048393,Fares,Seddik,92146.21,150,backend/app/data/sign_data\150,backend/app/data/sign_data\150_forg
151,230610310000018518505046,Bakkali,Ettahra,59383.08,151,backend/app/data/sign_data\151,backend/app/data/sign_data\151_forg
152,230438870000018641961703,Saoudi,Naoufal,81536.73,152,backend/app/data/sign_data\152,backend/app/data/sign_data\152_forg
153,230311220000018765418478,Amzil,Barka,96638.21,153,backend/app/data/sign_data\153,backend/app/data/sign_data\153_forg
154,230344280000018888875103,Mourad,Raouad,73501.15,154,backend/app/data/sign_data\154,backend/app/data/sign_data\154_forg
155,230312740000019012331834,Nouri,Lobaba,216.27,155,backend/app/data/sign_data\155,backend/app/data/sign_data\155_forg
156,230950140000019135788582,Safi,Dah Mane,95530.01,156,backend/app/data/sign_data\156,backend/app/data/sign_data\156_forg
157,230121840000019259245273,Badri,Hammed,57498.87,157,backend/app/data/sign_data\157,backend/app/data/sign_data\157_forg
158,230442450000019382701916,Maroc,Hasnae,90594.23,158,backend/app/data/sign_data\158,backend/app/data/sign_data\158_forg
159,230613890000019506158618,Bouzid,Elyazi,35167.43,159,backend/app/data/sign_data\159,backend/app/data/sign_data\159_forg
160,230646490000019629615397,Bouayad,Tahera,76696.54,160,backend/app/data/sign_data\160,backend/app/data/sign_data\160_forg
161,230884650000019753072004,Idrissi,Fael,60888.01,161,backend/app/data/sign_data\161,backend/app/data/sign_data\161_forg
162,230807310000019876528745,Tahri,Abdelouahab,92409.94,162,backend/app/data/sign_data\162,backend/app/data/sign_data\162_forg
163,230662530000019999985448,Amal,M’Barka,83262.38,163,backend/app/data/sign_data\163,backend/app/data/sign_data\163_forg
164,230741370000020123442130,Ali,Jad,15237.76,164,backend/app/data/sign_data\164,backend/app/data/sign_data\164_forg
165,230470130000020246898874,Sebti,Bendaoud,35203.72,165,backend/app/data/sign_data\165,backend/app/data/sign_data\165_forg
166,230756340000020370355526,Nouri,Imran,90582.68,166,backend/app/data/sign_data\166,backend/app/data/sign_data\166_forg
167,230940920000020493812250,Bouayad,Abdelmalek,31809.05,167,backend/app/data/sign_data\167,backend/app/data/sign_data\167_forg
168,230983310000020617268949,Zouhair,Habib Allah,40221.52,168,backend/app/data/sign_data\168,backend/app/data/sign_data\168_forg
169,230242470000020740725696,Aarab,Masen,61880.48,169,backend/app/data/sign_data\169,backend/app/data/sign_data\169_forg
170,230514580000020864182384,Hafid,Amal,18608.63,170,backend/app/data/sign_data\170,backend/app/data/sign_data\170_forg
171,230946670000020987639068,Sekkat,Tohfa,51344.99,171,backend/app/data/sign_data\171,backend/app/data/sign_data\171_forg
172,230888280000021111095780,Hafidi,Nizar,20317.39,172,backend/app/data/sign_data\172,backend/app/data/sign_data\172_forg
173,007121220000000000000007,Hanane,Daoud,15638.26,173,backend/app/data/sign_data\173,backend/app/data/sign_data\173_forg
174,007315800000000123456729,Morchid,Hedaya,98090.33,174,backend/app/data/sign_data\174,backend/app/data/sign_data\174_forg
175,007999920000000246913489,Hassani,Ouadia,75141.15,175,backend/app/data/sign_data\175,backend/app/data/sign_data\175_forg
176,007233410000000370370171,Lotfi,Rahmoun,16739.39,176,backend/app/data/sign_data\176,backend/app/data/sign_data\176_forg
177,007297660000000493826803,Morchid,Oualim,10628.83,177,backend/app/data/sign_data\177,backend/app/data/sign_data\177_forg
178,007128960000000617283552,Karim,Abdelaati,19324.17,178,backend/app/data/sign_data\178,backend/app/data/sign_data\178_forg
179,007107090000000740740200,Amzil,Saadoune,78581.2,179,backend/app/data/sign_data\179,backend/app/data/sign_data\179_forg
180,007404060000000864196943,Lachhab,Fouzia,55730.21,180,backend/app/data/sign_data\180,backend/app/data/sign_data\180_forg
181,007200480000000987653627,Najib,Oud Elouard,83796.79,181,backend/app/data/sign_data\181,backend/app/data/sign_data\181_forg
182,007764700000001111110333,Amal,Rayhana,69174.01,182,backend/app/data/sign_data\182,backend/app/data/sign_data\182_forg
183,007585780000001234567083,Adnane,Naoufal,33097.69,183,backend/app/data/sign_data\183,backend/app/data/sign_data\183_forg
184,007490770000001358023772,Chafik,Abdessamad,39436.41,184,backend/app/data/sign_data\184,backend/app/data/sign_data\184_forg
185,007279960000001481480455,Nejjar,Irchad,96248.56,185,backend/app/data/sign_data\185,backend/app/data/sign_data\185_forg
186,007228440000001604937140,Sadki,Zaki,49161.15,186,backend/app/data/sign_data\186,backend/app/data/sign_data\186_forg
187,007349800000001728393819,Brahim,Taha,47576.04,187,backend/app/data/sign_data\187,backend/app/data/sign_data\187_forg
188,007925760000001851850501,Halim,Zouhir,26863.55,188,backend/app/data/sign_data\188,backend/app/data/sign_data\188_forg
189,007237170000001975307274,Halim,Jadia,44548.46,189,backend/app/data/sign_data\189,backend/app/data/sign_data\189_forg
190,007906130000002098763921,El ouardi,Tilila,41644.24,190,backend/app/data/sign_data\190,backend/app/data/sign_data\190_forg
191,007548670000002222220605,Aissaoui,Jeddia,96505.93,191,backend/app/data/sign_data\191,backend/app/data/sign_data\191_forg
192,007537700000002345677314,Hassani,Mazigh,50920.67,192,backend/app/data/sign_data\192,backend/app/data/sign_data\192_forg
193,007592460000002469134033,Rachidi,Hamou,38087.91,193,backend/app/data/sign_data\193,backend/app/data/sign_data\193_forg
194,007348840000002592590709,Mansouri,Amria,3603.83,194,backend/app/data/sign_data\194,backend/app/data/sign_data\194_forg
195,007106440000002716047451,Meziane,Arbi,1488.81,195,backend/app/data/sign_data\195,backend/app/data/sign_data\195_forg
196,007441010000002839504158,Ismail,Rahila,38056.14,196,backend/app/data/sign_data\196,backend/app/data/sign_data\196_forg
197,007315130000002962960832,Housni,Nader,67704.35,197,backend/app/data/sign_data\197,backend/app/data/sign_data\197_forg
198,007916340000003086417588,Halim,Raouane,75945.73,198,backend/app/data/sign_data\198,backend/app/data/sign_data\198_forg
199,007997410000003209874256,Faiz,Oud Elouard,88716.22,199,backend/app/data/sign_data\199,backend/app/data/sign_data\199_forg
200,007234900000003333330934,Sami,Smahane,73437.73,200,backend/app/data/sign_data\200,backend/app/data/sign_data\200_forg
201,007516600000003456787675,Chaoui,Azzelarab,28839.69,201,backend/app/data/sign_data\201,backend/app/data/sign_data\201_forg
202,007943780000003580244379,Najib,Marzak,70366.41,202,backend/app/data/sign_data\202,backend/app/data/sign_data\202_forg
203,007562420000003703701021,Mansour,Ilyas,83436.32,203,backend/app/data/sign_data\203,backend/app/data/sign_data\203_forg
204,007583660000003827157757,Toumi,Jalal Eddine,77515.52,204,backend/app/data/sign_data\204,backend/app/data/sign_data\204_forg
205,007568320000003950614425,Hachimi,Hassan,19228.69,205,backend/app/data/sign_data\205,backend/app/data/sign_data\205_forg
206,007120970000004074071115,El alaoui,Redouane,38554.57,206,backend/app/data/sign_data\206,backend/app/data/sign_data\206_forg
207,007726710000004197527844,Halim,Bouthaina,77576.08,207,backend/app/data/sign_data\207,backend/app/data/sign_data\207_forg
208,007636230000004320984541,Laaroussi,Gharib,82970.22,208,backend/app/data/sign_data\208,backend/app/data/sign_data\208_forg
209,007639940000004444441217,Omar,Taib,2605.89,209,backend/app/data/sign_data\209,backend/app/data/sign_data\209_forg
210,007380760000004567897971,Ahmed,Ikbal,73147.5,210,backend/app/data/sign_data\210,backend/app/data/sign_data\210_forg
211,007759720000004691354678,El hassan,Mouada,81278.14,211,backend/app/data/sign_data\211,backend/app/data/sign_data\211_forg
212,007640570000004814811321,Sadki,Oum Hani,70947.66,212,backend/app/data/sign_data\212,backend/app/data/sign_data\212_forg
213,007209510000004938268046,Khalil,Ouidad,46959.62,213,backend/app/data/sign_data\213,backend/app/data/sign_data\213_forg
214,007879050000005061724799,El alami,Inaam,68123.86,214,backend/app/data/sign_data\214,backend/app/data/sign_data\214_forg
215,007444400000005185181497,Choukri,Issa,81324.69,215,backend/app/data/sign_data\215,backend/app/data/sign_data\215_forg
216,007547220000005308638108,Salmi,Iad,63804.31,216,backend/app/data/sign_data\216,backend/app/data/sign_data\216_forg
217,007179710000005432094847,Bennouna,Hadbae,4484.11,217,backend/app/data/sign_data\217,backend/app/data/sign_data\217_forg
218,007487300000005555551553,Belghiti,Loubna,28998.51,218,backend/app/data/sign_data\218,backend/app/data/sign_data\218_forg
219,007632350000005679008272,Kadiri,Saida,92127.45,219,backend/app/data/sign_data\219,backend/app/data/sign_data\219_forg
220,007721270000005802464923,Salma,Latifa,72736.86,220,backend/app/data/sign_data\220,backend/app/data/sign_data\220_forg
221,007382980000005925921632,Sara,Jnina,2078.1,221,backend/app/data/sign_data\221,backend/app/data/sign_data\221_forg
222,007346060000006049378399,Saadi,Masaoud,64600.08,222,backend/app/data/sign_data\222,backend/app/data/sign_data\222_forg
223,007671850000006172835080,Fassi,Kamal,53908.21,223,backend/app/data/sign_data\223,backend/app/data/sign_data\223_forg
224,007667900000006296291782,El amri,Raeda,13062.9,224,backend/app/data/sign_data\224,backend/app/data/sign_data\224_forg
225,007189510000006419748476,Housni,Razane,99162.4,225,backend/app/data/sign_data\225,backend/app/data/sign_data\225_forg
226,007723370000006543205145,Laaroussi,Nihad,13362.27,226,backend/app/data/sign_data\226,backend/app/data/sign_data\226_forg
227,007302380000006666661879,Sadiki,Elfatmi,99347.6,227,backend/app/data/sign_data\227,backend/app/data/sign_data\227_forg
228,007746610000006790118521,Simo,Raeda,8024.57,228,backend/app/data/sign_data\228,backend/app/data/sign_data\228_forg
229,007773290000006913575229,Omari,Talal,93043.58,229,backend/app/data/sign_data\229,backend/app/data/sign_data\229_forg
230,007830970000007037031977,Benslimane,Abdelkamel,36079.61,230,backend/app/data/sign_data\230,backend/app/data/sign_data\230_forg
231,007836330000007160488614,Salhi,Zahira,72242.02,231,backend/app/data/sign_data\231,backend/app/data/sign_data\231_forg
232,007941710000007283945337,Taoufik,Abdelkhalek,245.8,232,backend/app/data/sign_data\232,backend/app/data/sign_data\232_forg
233,007138260000007407402020,Marsli,Maessa,46898.41,233,backend/app/data/sign_data\233,backend/app/data/sign_data\233_forg
234,007424880000007530858716,Farid,Bouekri,32213.88,234,backend/app/data/sign_data\234,backend/app/data/sign_data\234_forg
235,007188450000007654315409,Moussaid,Manal,8147.53,235,backend/app/data/sign_data\235,backend/app/data/sign_data\235_forg
236,007110300000007777772164,Zine,Ahmed,13327.27,236,backend/app/data/sign_data\236,backend/app/data/sign_data\236_forg
237,007866560000007901228836,Hajji,Hmidane,9508.67,237,backend/app/data/sign_data\237,backend/app/data/sign_data\237_forg
238,007582690000008024685509,Yacoubi,Saif Eddine,51275.06,238,backend/app/data/sign_data\238,backend/app/data/sign_data\238_forg
239,007144080000008148142211,El amri,Sanae,53393.74,239,backend/app/data/sign_data\239,backend/app/data/sign_data\239_forg
240,007549670000008271598923,Abdo,Charaf Eddine,46005.61,240,backend/app/data/sign_data\240,backend/app/data/sign_data\240_forg
241,007814500000008395055672,Filali,Sarie,8923.63,241,backend/app/data/sign_data\241,backend/app/data/sign_data\241_forg
242,007536160000008518512388,El mostafa,Hamidan,75325.49,242,backend/app/data/sign_data\242,backend/app/data/sign_data\242_forg
243,007635020000008641969040,El filali,Ziyad,27800.48,243,backend/app/data/sign_data\243,backend/app/data/sign_data\243_forg
244,007588310000008765425720,Housni,Mariem,21908.33,244,backend/app/data/sign_data\244,backend/app/data/sign_data\244_forg
245,007152450000008888882484,Fadil,Hinda,85172.77,245,backend/app/data/sign_data\245,backend/app/data/sign_data\245_forg
246,007760440000009012339128,Bahi,Ebdelkahar,82883.48,246,backend/app/data/sign_data\246,backend/app/data/sign_data\246_forg
247,007205730000009135795801,El hassan,Amimar,87896.98,247,backend/app/data/sign_data\247,backend/app/data/sign_data\247_forg
248,007275010000009259252587,Rahmouni,Mnaouar,24863.79,248,backend/app/data/sign_data\248,backend/app/data/sign_data\248_forg
249,007700590000009382709266,Hamzaoui,Nahed,860.56,249,backend/app/data/sign_data\249,backend/app/data/sign_data\249_forg
250,007523620000009506165979,Alami,Jabour,26861.73,250,backend/app/data/sign_data\250,backend/app/data/sign_data\250_forg
251,007347890000009629622699,Maarouf,Ines,63655.96,251,backend/app/data/sign_data\251,backend/app/data/sign_data\251_forg
252,007985960000009753079343,Aarab,Jaouhar,30289.54,252,backend/app/data/sign_data\252,backend/app/data/sign_data\252_forg
253,007189870000009876536097,Hassan,Mayada,46361.0,253,backend/app/data/sign_data\253,backend/app/data/sign_data\253_forg
254,007247520000009999992790,Mohamed,Kassou,53802.19,254,backend/app/data/sign_data\254,backend/app/data/sign_data\254_forg
255,007367150000010123449479,Berrada,Dalal,10283.97,255,backend/app/data/sign_data\255,backend/app/data/sign_data\255_forg
256,007842270000010246906141,Amri,Zouhir,7230.75,256,backend/app/data/sign_data\256,backend/app/data/sign_data\256_forg
257,007683580000010370362867,Abdo,Hamouda,55908.05,257,backend/app/data/sign_data\257,backend/app/data/sign_data\257_forg
258,007673310000010493819592,Saadi,Darid,55621.56,258,backend/app/data/sign_data\258,backend/app/data/sign_data\258_forg
259,007479830000010617276233,Maarouf,Zakaria,11010.88,259,backend/app/data/sign_data\259,backend/app/data/sign_data\259_forg
260,007194150000010740732909,Benbrahim,Dalal,88531.46,260,backend/app/data/sign_data\260,backend/app/data/sign_data\260_forg
261,007510030000010864189600,El mustapha,Rabie,87628.51,261,backend/app/data/sign_data\261,backend/app/data/sign_data\261_forg
262,007120760000010987646308,Bouzid,Brik,50253.55,262,backend/app/data/sign_data\262,backend/app/data/sign_data\262_forg
263,007138180000011111103074,Khalil,Chaimae,52553.95,263,backend/app/data/sign_data\263,backend/app/data/sign_data\263_forg
264,007181520000011234559730,Benzakour,Rouhia,2556.72,264,backend/app/data/sign_data\264,backend/app/data/sign_data\264_forg
265,007732510000011358016484,Sabir,Malika,31466.94,265,backend/app/data/sign_data\265,backend/app/data/sign_data\265_forg
266,007523620000011481473199,Ghazi,Sahel,55012.0,266,backend/app/data/sign_data\266,backend/app/data/sign_data\266_forg
267,007902720000011604929817,Soufiane,Farhate,18382.93,267,backend/app/data/sign_data\267,backend/app/data/sign_data\267_forg
268,007386060000011728386514,Benchekroun,Abdelkamel,47518.27,268,backend/app/data/sign_data\268,backend/app/data/sign_data\268_forg
269,007911330000011851843223,Nait,Harrou,95345.03,269,backend/app/data/sign_data\269,backend/app/data/sign_data\269_forg
270,007277750000011975299986,Abdo,Isaad,59807.7,270,backend/app/data/sign_data\270,backend/app/data/sign_data\270_forg
271,007633700000012098756648,Azizi,Ghenou,35650.26,271,backend/app/data/sign_data\271,backend/app/data/sign_data\271_forg
272,007103030000012222213332,Younes,Elbatoul,1272.17,272,backend/app/data/sign_data\272,backend/app/data/sign_data\272_forg
273,007173510000012345670066,Bouzidi,Inaya,78300.34,273,backend/app/data/sign_data\273,backend/app/data/sign_data\273_forg
274,007267610000012469126755,Sadiki,Elhachemi,4733.32,274,backend/app/data/sign_data\274,backend/app/data/sign_data\274_forg
275,007386460000012592583483,Daoudi,Nassih,56189.43,275,backend/app/data/sign_data\275,backend/app/data/sign_data\275_forg
276,007908100000012716040174,Fadili,Frahat,66404.64,276,backend/app/data/sign_data\276,backend/app/data/sign_data\276_forg
277,007129270000012839496868,Fadil,Oumelghit,33591.45,277,backend/app/data/sign_data\277,backend/app/data/sign_data\277_forg
278,007948630000012962953510,Meziane,Dikra,14298.06,278,backend/app/data/sign_data\278,backend/app/data/sign_data\278_forg
279,007478450000013086410224,Cherradi,Razane,70300.02,279,backend/app/data/sign_data\279,backend/app/data/sign_data\279_forg
280,007759000000013209866972,Bouzidi,Hachem,28718.81,280,backend/app/data/sign_data\280,backend/app/data/sign_data\280_forg
281,007198980000013333323650,Chraibi,Mahfoud,43906.61,281,backend/app/data/sign_data\281,backend/app/data/sign_data\281_forg
282,007846560000013456780349,Elalaoui,Keltoum,55409.03,282,backend/app/data/sign_data\282,backend/app/data/sign_data\282_forg
283,007665940000013580237015,Amri,Abir,35996.59,283,backend/app/data/sign_data\283,backend/app/data/sign_data\283_forg
284,007843240000013703693748,Mimouni,Hammed,43131.26,284,backend/app/data/sign_data\284,backend/app/data/sign_data\284_forg
285,007317570000013827150406,Abdel,Kamar,16269.89,285,backend/app/data/sign_data\285,backend/app/data/sign_data\285_forg
286,007565320000013950607153,Soufiane,Najib,17544.81,286,backend/app/data/sign_data\286,backend/app/data/sign_data\286_forg
287,007679010000014074063881,Radi,Kamaria,97689.05,287,backend/app/data/sign_data\287,backend/app/data/sign_data\287_forg
288,007368870000014197520578,El amrani,Mallal,92689.41,288,backend/app/data/sign_data\288,backend/app/data/sign_data\288_forg
289,007772120000014320977299,Amine,Belkassem,84771.51,289,backend/app/data/sign_data\289,backend/app/data/sign_data\289_forg
290,007258910000014444433969,Amri,Ettam,35600.44,290,backend/app/data/sign_data\290,backend/app/data/sign_data\290_forg
291,007590980000014567890638,Bennouna,Miloudia,17755.93,291,backend/app/data/sign_data\291,backend/app/data/sign_data\291_forg
292,007425370000014691347305,Saber,Firdaous,40429.95,292,backend/app/data/sign_data\292,backend/app/data/sign_data\292_forg
293,007294320000014814804039,Hakim,Ilias,73888.81,293,backend/app/data/sign_data\293,backend/app/data/sign_data\293_forg
294,007525750000014938260750,Hatim,Chahrazad,25382.22,294,backend/app/data/sign_data\294,backend/app/data/sign_data\294_forg
295,007765790000015061717486,Reda,Adham,50296.51,295,backend/app/data/sign_data\295,backend/app/data/sign_data\295_forg
296,007156980000015185174149,El mustapha,Abla,30285.06,296,backend/app/data/sign_data\296,backend/app/data/sign_data\296_forg
297,007690660000015308630830,Hayat,Lotfi,85482.26,297,backend/app/data/sign_data\297,backend/app/data/sign_data\297_forg
298,007925630000015432087547,Mazouz,Amane,9530.57,298,backend/app/data/sign_data\298,backend/app/data/sign_data\298_forg
299,007837990000015555544206,Fikri,Raouad,16246.75,299,backend/app/data/sign_data\299,backend/app/data/sign_data\299_forg
300,007951910000015679000900,Anouar,Darid,21715.45,300,backend/app/data/sign_data\300,backend/app/data/sign_data\300_forg
301,007990460000015802457678,Hilali,Saila,87845.16,301,backend/app/data/sign_data\301,backend/app/data/sign_data\301_forg
302,007548140000015925914398,Benamar,Hajar,13869.38,302,backend/app/data/sign_data\302,backend/app/data/sign_data\302_forg
303,007403090000016049371043,Ismaili,Chahida,48141.3,303,backend/app/data/sign_data\303,backend/app/data/sign_data\303_forg
304,007138670000016172827745,Cherif,Abdennour,51392.38,304,backend/app/data/sign_data\304,backend/app/data/sign_data\304_forg
305,007785770000016296284455,Id,Driss,6927.06,305,backend/app/data/sign_data\305,backend/app/data/sign_data\305_forg
306,007380270000016419741193,Erraji,Sabria,2218.31,306,backend/app/data/sign_data\306,backend/app/data/sign_data\306_forg
307,007806520000016543197838,Bennouna,Salam,24539.53,307,backend/app/data/sign_data\307,backend/app/data/sign_data\307_forg
308,007610970000016666654557,Karimi,Fathi,83413.54,308,backend/app/data/sign_data\308,backend/app/data/sign_data\308_forg
309,007317750000016790111223,Benkirane,Abdelilah,44103.77,309,backend/app/data/sign_data\309,backend/app/data/sign_data\309_forg
310,007308050000016913567910,Hassani,Ichrak,91999.07,310,backend/app/data/sign_data\310,backend/app/data/sign_data\310_forg
311,007697000000017037024631,Semlali,Hadir,50878.61,311,backend/app/data/sign_data\311,backend/app/data/sign_data\311_forg
312,007282170000017160481326,Ben,Fatine,55026.6,312,backend/app/data/sign_data\312,backend/app/data/sign_data\312_forg
313,007919840000017283938074,Belhaj,Oum Essaad,25380.95,313,backend/app/data/sign_data\313,backend/app/data/sign_data\313_forg
314,007627590000017407394747,Zeroual,Tarik,91238.22,314,backend/app/data/sign_data\314,backend/app/data/sign_data\314_forg
315,007316450000017530851497,Nouri,Jabour,82280.38,315,backend/app/data/sign_data\315,backend/app/data/sign_data\315_forg
316,007253110000017654308143,Ramzi,Bouamar,54917.37,316,backend/app/data/sign_data\316,backend/app/data/sign_data\316_forg
317,007937170000017777764851,Khalid,Kaeda,72654.65,317,backend/app/data/sign_data\317,backend/app/data/sign_data\317_forg
318,007292090000017901221551,Nasri,Okacha,27355.62,318,backend/app/data/sign_data\318,backend/app/data/sign_data\318_forg
319,007308320000018024678233,El mostafa,Mounira,61274.23,319,backend/app/data/sign_data\319,backend/app/data/sign_data\319_forg
320,007779260000018148134950,Bensaid,Jilali,38105.83,320,backend/app/data/sign_data\320,backend/app/data/sign_data\320_forg
321,007236760000018271591636,Lakhal,Oumama,16767.91,321,backend/app/data/sign_data\321,backend/app/data/sign_data\321_forg
322,007369630000018395048361,Azizi,Razane,3235.12,322,backend/app/data/sign_data\322,backend/app/data/sign_data\322_forg
323,007915940000018518505097,Ismaili,Raouad,35175.55,323,backend/app/data/sign_data\323,backend/app/data/sign_data\323_forg
324,007456320000018641961787,Khalil,Zaina,91741.99,324,backend/app/data/sign_data\324,backend/app/data/sign_data\324_forg
325,007117450000018765418406,Lahlou,Horma,92015.0,325,backend/app/data/sign_data\325,backend/app/data/sign_data\325_forg
326,007862340000018888875196,Abdou,Jalal Eddine,1715.08,326,backend/app/data/sign_data\326,backend/app/data/sign_data\326_forg
327,007713370000019012331809,Yassine,Hadda,55603.34,327,backend/app/data/sign_data\327,backend/app/data/sign_data\327_forg
328,007561180000019135788596,Younes,Farhate,47568.72,328,backend/app/data/sign_data\328,backend/app/data/sign_data\328_forg
329,007678610000019259245252,Berrada,Nahid,85371.89,329,backend/app/data/sign_data\329,backend/app/data/sign_data\329_forg
330,007172350000019382701978,Faiz,Jennate,11207.16,330,backend/app/data/sign_data\330,backend/app/data/sign_data\330_forg
331,007728310000019506158626,Zineb,Jilali,71567.64,331,backend/app/data/sign_data\331,backend/app/data/sign_data\331_forg
332,007890800000019629615360,Yassine,Mallal,265.95,332,backend/app/data/sign_data\332,backend/app/data/sign_data\332_forg
333,007205550000019753072067,Kamal,Mamat,16259.99,333,backend/app/data/sign_data\333,backend/app/data/sign_data\333_forg
334,007460480000019876528729,Moussaid,Jamal Eddine,97206.19,334,backend/app/data/sign_data\334,backend/app/data/sign_data\334_forg
335,007720820000019999985414,Kaoutar,Dikra,45330.04,335,backend/app/data/sign_data\335,backend/app/data/sign_data\335_forg
336,007609520000020123442190,Benchekroun,Nabih,30250.07,336,backend/app/data/sign_data\336,backend/app/data/sign_data\336_forg
337,007863410000020246898834,Benbrahim,Fouzia,44644.07,337,backend/app/data/sign_data\337,backend/app/data/sign_data\337_forg
338,007906100000020370355572,Lachhab,Nofayla,43425.01,338,backend/app/data/sign_data\338,backend/app/data/sign_data\338_forg
339,007743590000020493812299,Nejjar,Sabhia,34547.44,339,backend/app/data/sign_data\339,backend/app/data/sign_data\339_forg
340,007416160000020617268950,Fatima,Rajia,24873.95,340,backend/app/data/sign_data\340,backend/app/data/sign_data\340_forg
341,007405250000020740725676,Faiz,Mofid,2447.51,341,backend/app/data/sign_data\341,backend/app/data/sign_data\341_forg
342,007277700000020864182359,El amri,Nezar,14671.45,342,backend/app/data/sign_data\342,backend/app/data/sign_data\342_forg
343,007834700000020987639079,Oulad,Bahija,44521.18,343,backend/app/data/sign_data\343,backend/app/data/sign_data\343_forg
344,007877230000021111095792,Zineb,Adnane,94953.93,344,backend/app/data/sign_data\344,backend/app/data/sign_data\344_forg
345,145379980000000000000083,Soussi,Nihal,97012.1,345,backend/app/data/sign_data\345,backend/app/data/sign_data\345_forg
346,145379820000000123456774,El omari,Kaouakib,19354.67,346,backend/app/data/sign_data\346,backend/app/data/sign_data\346_forg
347,145372890000000246913410,Soussi,Tofail,89237.44,347,backend/app/data/sign_data\347,backend/app/data/sign_data\347_forg
348,145512530000000370370137,Sadki,Chahid,55395.66,348,backend/app/data/sign_data\348,backend/app/data/sign_data\348_forg
349,145734540000000493826828,Saoudi,Faras,90451.42,349,backend/app/data/sign_data\349,backend/app/data/sign_data\349_forg
350,145975510000000617283550,Jaafar,Jabour,16992.02,350,backend/app/data/sign_data\350,backend/app/data/sign_data\350_forg
351,145458920000000740740246,Berrada,Elkhamar,42754.77,351,backend/app/data/sign_data\351,backend/app/data/sign_data\351_forg
352,145240620000000864196955,Abdo,Hamdaouia,56427.84,352,backend/app/data/sign_data\352,backend/app/data/sign_data\352_forg
353,145113190000000987653648,Jaafar,Mansoura,84591.16,353,backend/app/data/sign_data\353,backend/app/data/sign_data\353_forg
354,145217690000001111110343,Nadir,Bakr,40897.06,354,backend/app/data/sign_data\354,backend/app/data/sign_data\354_forg
355,145885090000001234567069,Daoudi,Hoummane,89689.29,355,backend/app/data/sign_data\355,backend/app/data/sign_data\355_forg
356,145267070000001358023793,Nasri,Rafika,78415.45,356,backend/app/data/sign_data\356,backend/app/data/sign_data\356_forg
357,145159620000001481480468,Chakir,Nahed,82597.43,357,backend/app/data/sign_data\357,backend/app/data/sign_data\357_forg
358,145494070000001604937107,Ouazzani,Badr Ezzamane,65076.93,358,backend/app/data/sign_data\358,backend/app/data/sign_data\358_forg
359,145527000000001728393863,Said,Hasnae,75897.89,359,backend/app/data/sign_data\359,backend/app/data/sign_data\359_forg
360,145185630000001851850575,Nabil,Abdelkhalek,24559.8,360,backend/app/data/sign_data\360,backend/app/data/sign_data\360_forg
361,145931770000001975307261,Ali,Ouassim,12871.74,361,backend/app/data/sign_data\361,backend/app/data/sign_data\361_forg
362,145964000000002098763917,Amal,Nail,46404.96,362,backend/app/data/sign_data\362,backend/app/data/sign_data\362_forg
363,145815170000002222220606,Cherkaoui,Abdessamad,46397.01,363,backend/app/data/sign_data\363,backend/app/data/sign_data\363_forg
364,145652170000002345677380,Simo,Arsalane,14961.58,364,backend/app/data/sign_data\364,backend/app/data/sign_data\364_forg
365,145240490000002469134087,Cherradi,Jad Elmoula,62453.15,365,backend/app/data/sign_data\365,backend/app/data/sign_data\365_forg
366,145900020000002592590739,El bakkali,Abdelhafid,25883.07,366,backend/app/data/sign_data\366,backend/app/data/sign_data\366_forg
367,145287170000002716047448,Oussama,Sadika,15108.78,367,backend/app/data/sign_data\367,backend/app/data/sign_data\367_forg
368,145784360000002839504189,Fathi,Aicha,91306.84,368,backend/app/data/sign_data\368,backend/app/data/sign_data\368_forg
369,145606410000002962960860,Hatim,Kattou,5788.64,369,backend/app/data/sign_data\369,backend/app/data/sign_data\369_forg
370,145194250000003086417596,Omar,Sabrina,17142.92,370,backend/app/data/sign_data\370,backend/app/data/sign_data\370_forg
371,145520350000003209874205,Lahlou,Hanafi,80848.25,371,backend/app/data/sign_data\371,backend/app/data/sign_data\371_forg
372,145202550000003333330901,Fadili,Allali,3103.34,372,backend/app/data/sign_data\372,backend/app/data/sign_data\372_forg
373,145900250000003456787668,Mohammed,Abad,75067.87,373,backend/app/data/sign_data\373,backend/app/data/sign_data\373_forg
374,145980700000003580244345,Mustapha,Abbas,66730.69,374,backend/app/data/sign_data\374,backend/app/data/sign_data\374_forg
375,145248260000003703701053,Fassi,Chadlia,9548.68,375,backend/app/data/sign_data\375,backend/app/data/sign_data\375_forg
376,145698760000003827157755,Adil,Chihab,72135.81,376,backend/app/data/sign_data\376,backend/app/data/sign_data\376_forg
377,145754060000003950614474,Mimouni,Abdelbaki,78600.97,377,backend/app/data/sign_data\377,backend/app/data/sign_data\377_forg
378,145984350000004074071177,Benchekroun,Rezki,76282.89,378,backend/app/data/sign_data\378,backend/app/data/sign_data\378_forg
379,145846770000004197527879,Saidi,Najiba,14212.46,379,backend/app/data/sign_data\379,backend/app/data/sign_data\379_forg
380,145883260000004320984503,Zeroual,Ikbal,24480.39,380,backend/app/data/sign_data\380,backend/app/data/sign_data\380_forg
381,145674750000004444441251,Saadaoui,Irfane,15816.75,381,backend/app/data/sign_data\381,backend/app/data/sign_data\381_forg
382,145103860000004567897900,Mehdi,Abdessatar,7074.29,382,backend/app/data/sign_data\382,backend/app/data/sign_data\382_forg
383,145157110000004691354657,Nadir,Masrour,52591.78,383,backend/app/data/sign_data\383,backend/app/data/sign_data\383_forg
384,145772480000004814811349,Barakat,Basima,66565.01,384,backend/app/data/sign_data\384,backend/app/data/sign_data\384_forg
385,145719640000004938268067,Lotfi,Faouzi,25203.28,385,backend/app/data/sign_data\385,backend/app/data/sign_data\385_forg
386,145367060000005061724733,Riad,Abdessabour,56025.71,386,backend/app/data/sign_data\386,backend/app/data/sign_data\386_forg
387,145563610000005185181464,El ouardi,Kadhem,52144.1,387,backend/app/data/sign_data\387,backend/app/data/sign_data\387_forg
388,145515920000005308638172,El idrissi,Abbas,459.83,388,backend/app/data/sign_data\388,backend/app/data/sign_data\388_forg
389,145606890000005432094898,Housni,Hala,3451.45,389,backend/app/data/sign_data\389,backend/app/data/sign_data\389_forg
390,145983800000005555551574,Baba,Ouijdane,19394.13,390,backend/app/data/sign_data\390,backend/app/data/sign_data\390_forg
391,145444550000005679008212,Salmi,Haddaoui,5793.82,391,backend/app/data/sign_data\391,backend/app/data/sign_data\391_forg
392,145777340000005802464908,Youssef,Hajiba,4352.55,392,backend/app/data/sign_data\392,backend/app/data/sign_data\392_forg
393,145296150000005925921687,Karim,Zanba,45881.59,393,backend/app/data/sign_data\393,backend/app/data/sign_data\393_forg
394,145760760000006049378345,Saad,Radoua,34166.12,394,backend/app/data/sign_data\394,backend/app/data/sign_data\394_forg
395,145415130000006172835062,Halim,Ouafae,68685.01,395,backend/app/data/sign_data\395,backend/app/data/sign_data\395_forg
396,145291950000006296291732,Sara,Okacha,34910.01,396,backend/app/data/sign_data\396,backend/app/data/sign_data\396_forg
397,145312940000006419748466,Belhaj,Zaki,53595.84,397,backend/app/data/sign_data\397,backend/app/data/sign_data\397_forg
398,145504660000006543205149,El mustapha,Jaouhar,82972.02,398,backend/app/data/sign_data\398,backend/app/data/sign_data\398_forg
399,145759440000006666661825,Berrada,Rochdia,77214.1,399,backend/app/data/sign_data\399,backend/app/data/sign_data\399_forg
400,145214600000006790118530,El bakkali,Jaafar,72377.66,400,backend/app/data/sign_data\400,backend/app/data/sign_data\400_forg
401,145386600000006913575213,Ameziane,Abdelouahab,3184.47,401,backend/app/data/sign_data\401,backend/app/data/sign_data\401_forg
402,145346230000007037031951,Hilali,Abdelbasset,63398.14,402,backend/app/data/sign_data\402,backend/app/data/sign_data\402_forg
403,145679100000007160488666,Mounir,Hayat,64587.26,403,backend/app/data/sign_data\403,backend/app/data/sign_data\403_forg
404,145215340000007283945333,Loukili,Rayan,54835.1,404,backend/app/data/sign_data\404,backend/app/data/sign_data\404_forg
405,145696670000007407402079,Hamdi,Abbas,91479.16,405,backend/app/data/sign_data\405,backend/app/data/sign_data\405_forg
406,145796500000007530858776,Azizi,Kabira,71675.86,406,backend/app/data/sign_data\406,backend/app/data/sign_data\406_forg
407,145829680000007654315432,Es,Marima,69180.1,407,backend/app/data/sign_data\407,backend/app/data/sign_data\407_forg
408,145662410000007777772113,Jabrane,Halim,73774.33,408,backend/app/data/sign_data\408,backend/app/data/sign_data\408_forg
409,145312530000007901228859,Benchekroun,Nachita,85366.6,409,backend/app/data/sign_data\409,backend/app/data/sign_data\409_forg
410,145289500000008024685598,Majid,Houssine,27952.46,410,backend/app/data/sign_data\410,backend/app/data/sign_data\410_forg
411,145670580000008148142223,Benchekroun,Abdelhalim,76350.31,411,backend/app/data/sign_data\411,backend/app/data/sign_data\411_forg
412,145178110000008271598959,Lamrani,Hammam,95647.6,412,backend/app/data/sign_data\412,backend/app/data/sign_data\412_forg
413,145953690000008395055601,Rahmouni,Elhachemi,76909.77,413,backend/app/data/sign_data\413,backend/app/data/sign_data\413_forg
414,145422260000008518512338,Abdellah,Aziza,44954.76,414,backend/app/data/sign_data\414,backend/app/data/sign_data\414_forg
415,145445050000008641969087,Moumen,Safoua,39053.96,415,backend/app/data/sign_data\415,backend/app/data/sign_data\415_forg
416,145135710000008765425703,Nait,Houd,29056.04,416,backend/app/data/sign_data\416,backend/app/data/sign_data\416_forg
417,145992620000008888882401,Omar,Ghariba,59975.62,417,backend/app/data/sign_data\417,backend/app/data/sign_data\417_forg
418,145669510000009012339100,Nejjar,Badia,51418.33,418,backend/app/data/sign_data\418,backend/app/data/sign_data\418_forg
419,145619080000009135795891,Abdellah,Elkhadir,32242.1,419,backend/app/data/sign_data\419,backend/app/data/sign_data\419_forg
420,145315000000009259252530,Ayoub,Elarabi,68662.96,420,backend/app/data/sign_data\420,backend/app/data/sign_data\420_forg
421,145938320000009382709279,Yousfi,Stela,31606.89,421,backend/app/data/sign_data\421,backend/app/data/sign_data\421_forg
422,145942920000009506165923,Hicham,Abir,40089.16,422,backend/app/data/sign_data\422,backend/app/data/sign_data\422_forg
423,145997360000009629622665,Benali,Taleb,39396.28,423,backend/app/data/sign_data\423,backend/app/data/sign_data\423_forg
424,145824960000009753079305,Bensaid,Khalifa,38758.05,424,backend/app/data/sign_data\424,backend/app/data/sign_data\424_forg
425,145684300000009876536096,Taha,Jaloul,49522.2,425,backend/app/data/sign_data\425,backend/app/data/sign_data\425_forg
426,145527010000009999992772,Abdellah,Mama,68511.57,426,backend/app/data/sign_data\426,backend/app/data/sign_data\426_forg
427,145289300000010123449457,Fikri,Nacer,82094.43,427,backend/app/data/sign_data\427,backend/app/data/sign_data\427_forg
428,145291650000010246906119,Fadil,Rached,60572.52,428,backend/app/data/sign_data\428,backend/app/data/sign_data\428_forg
429,145794460000010370362861,Halim,Nasma,2964.0,429,backend/app/data/sign_data\429,backend/app/data/sign_data\429_forg
430,145844700000010493819590,Amzil,Aissaouia,19453.22,430,backend/app/data/sign_data\430,backend/app/data/sign_data\430_forg
431,145458310000010617276234,Marsli,Tama,76431.72,431,backend/app/data/sign_data\431,backend/app/data/sign_data\431_forg
432,145912440000010740732982,Farid,Ghania,72639.76,432,backend/app/data/sign_data\432,backend/app/data/sign_data\432_forg
433,145217690000010864189680,Hayat,Jaafar,9303.5,433,backend/app/data/sign_data\433,backend/app/data/sign_data\433_forg
434,145632150000010987646318,Mansouri,Anbar,17736.89,434,backend/app/data/sign_data\434,backend/app/data/sign_data\434_forg
435,145771580000011111103061,Riad,Saad,90935.52,435,backend/app/data/sign_data\435,backend/app/data/sign_data\435_forg
436,145119390000011234559741,Yassine,Fairouz,92241.09,436,backend/app/data/sign_data\436,backend/app/data/sign_data\436_forg
437,145980670000011358016408,Benani,Ayada,66125.98,437,backend/app/data/sign_data\437,backend/app/data/sign_data\437_forg
438,145503800000011481473118,Benslimane,Abdelhafid,86328.62,438,backend/app/data/sign_data\438,backend/app/data/sign_data\438_forg
439,145688790000011604929839,Boukhari,Hadou,56178.92,439,backend/app/data/sign_data\439,backend/app/data/sign_data\439_forg
440,145815330000011728386598,Charif,Khaddouj,37172.96,440,backend/app/data/sign_data\440,backend/app/data/sign_data\440_forg
441,145789630000011851843205,Amrani,Lounes,2154.62,441,backend/app/data/sign_data\441,backend/app/data/sign_data\441_forg
442,145723330000011975299925,Zineb,Mahdi,46005.94,442,backend/app/data/sign_data\442,backend/app/data/sign_data\442_forg
443,145785430000012098756664,Rafik,Elghali,41482.32,443,backend/app/data/sign_data\443,backend/app/data/sign_data\443_forg
444,145160860000012222213327,Faiz,Yazid,69077.59,444,backend/app/data/sign_data\444,backend/app/data/sign_data\444_forg
445,145137150000012345670071,Ahmed,Adel,96625.89,445,backend/app/data/sign_data\445,backend/app/data/sign_data\445_forg
446,145147110000012469126797,El alami,Oussama,90082.42,446,backend/app/data/sign_data\446,backend/app/data/sign_data\446_forg
447,145710540000012592583492,Zouhair,Louiza,39134.41,447,backend/app/data/sign_data\447,backend/app/data/sign_data\447_forg
448,145461320000012716040104,Elidrissi,Lotfi,52794.6,448,backend/app/data/sign_data\448,backend/app/data/sign_data\448_forg
449,145324510000012839496864,Chaib,Chafika,82510.02,449,backend/app/data/sign_data\449,backend/app/data/sign_data\449_forg
450,145509100000012962953551,Lotfi,Najma,68952.09,450,backend/app/data/sign_data\450,backend/app/data/sign_data\450_forg
451,145562490000013086410215,Hilal,Abdessadek,90680.27,451,backend/app/data/sign_data\451,backend/app/data/sign_data\451_forg
452,145233800000013209866925,Maarouf,Bahae,614.65,452,backend/app/data/sign_data\452,backend/app/data/sign_data\452_forg
453,145576870000013333323678,Bakkali,Thouriya,88110.1,453,backend/app/data/sign_data\453,backend/app/data/sign_data\453_forg
454,145130100000013456780315,Nadir,Abdelmouhaimin,5200.87,454,backend/app/data/sign_data\454,backend/app/data/sign_data\454_forg
455,145373270000013580237018,Bensouda,Manar,2952.23,455,backend/app/data/sign_data\455,backend/app/data/sign_data\455_forg
456,145512940000013703693773,Hassani,Ansam,5530.75,456,backend/app/data/sign_data\456,backend/app/data/sign_data\456_forg
457,145111180000013827150405,Saadaoui,Nafissa,86953.87,457,backend/app/data/sign_data\457,backend/app/data/sign_data\457_forg
458,145787450000013950607113,Anouar,Zineb,4819.57,458,backend/app/data/sign_data\458,backend/app/data/sign_data\458_forg
459,145851270000014074063835,Hamdi,Zahra,29672.68,459,backend/app/data/sign_data\459,backend/app/data/sign_data\459_forg
460,145347190000014197520545,Reda,Maisae,94906.72,460,backend/app/data/sign_data\460,backend/app/data/sign_data\460_forg
461,145360240000014320977234,Benkirane,Machich,2800.86,461,backend/app/data/sign_data\461,backend/app/data/sign_data\461_forg
462,145173150000014444433944,Ouazzani,Badda,85864.68,462,backend/app/data/sign_data\462,backend/app/data/sign_data\462_forg
463,145800820000014567890679,Maarouf,M’barek,95197.57,463,backend/app/data/sign_data\463,backend/app/data/sign_data\463_forg
464,145796560000014691347352,Karam,Jalil,77785.33,464,backend/app/data/sign_data\464,backend/app/data/sign_data\464_forg
465,145131070000014814804071,Alaoui,Abdelkarim,25707.66,465,backend/app/data/sign_data\465,backend/app/data/sign_data\465_forg
466,145940340000014938260780,Charif,Ghazal,87231.82,466,backend/app/data/sign_data\466,backend/app/data/sign_data\466_forg
467,145219940000015061717442,Fahmi,Tami,83674.94,467,backend/app/data/sign_data\467,backend/app/data/sign_data\467_forg
468,145292290000015185174104,Ennaji,Chams,89889.61,468,backend/app/data/sign_data\468,backend/app/data/sign_data\468_forg
469,145817330000015308630869,Halim,Nizar,15659.69,469,backend/app/data/sign_data\469,backend/app/data/sign_data\469_forg
470,145525390000015432087582,Youssef,Houssam,85936.37,470,backend/app/data/sign_data\470,backend/app/data/sign_data\470_forg
471,145462440000015555544279,Hafid,Rhassane,43724.07,471,backend/app/data/sign_data\471,backend/app/data/sign_data\471_forg
472,145208020000015679000994,Sbai,Chahed,86128.82,472,backend/app/data/sign_data\472,backend/app/data/sign_data\472_forg
473,145303690000015802457673,Lakhal,Rachida,33059.14,473,backend/app/data/sign_data\473,backend/app/data/sign_data\473_forg
474,145130170000015925914349,Kabbaj,Nasira,45458.75,474,backend/app/data/sign_data\474,backend/app/data/sign_data\474_forg
475,145922010000016049371030,Oulad,Nouh,40665.07,475,backend/app/data/sign_data\475,backend/app/data/sign_data\475_forg
476,145352790000016172827798,Chihab,Hmad,80791.66,476,backend/app/data/sign_data\476,backend/app/data/sign_data\476_forg
477,145958890000016296284491,Sabri,Yamane,17151.28,477,backend/app/data/sign_data\477,backend/app/data/sign_data\477_forg
478,145613650000016419741144,Guessous,Abdelmoula,47401.53,478,backend/app/data/sign_data\478,backend/app/data/sign_data\478_forg
479,145594550000016543197816,El amri,Rabab,45504.73,479,backend/app/data/sign_data\479,backend/app/data/sign_data\479_forg
480,145409820000016666654549,Sekkat,Assou,99076.29,480,backend/app/data/sign_data\480,backend/app/data/sign_data\480_forg
481,145377920000016790111269,Elalaoui,Rachid,625.36,481,backend/app/data/sign_data\481,backend/app/data/sign_data\481_forg
482,145949900000016913567909,Adil,Ikbal,21860.44,482,backend/app/data/sign_data\482,backend/app/data/sign_data\482_forg
483,145399230000017037024633,El alaoui,Elbouchtaoui,90879.23,483,backend/app/data/sign_data\483,backend/app/data/sign_data\483_forg
484,145754250000017160481323,Senhaji,Abdourabih,89189.7,484,backend/app/data/sign_data\484,backend/app/data/sign_data\484_forg
485,145418870000017283938075,Raji,Jalal Eddine,17220.41,485,backend/app/data/sign_data\485,backend/app/data/sign_data\485_forg
486,145986470000017407394771,Ait el,Fael,59541.69,486,backend/app/data/sign_data\486,backend/app/data/sign_data\486_forg
487,145578410000017530851475,Benkirane,Smahane,6870.31,487,backend/app/data/sign_data\487,backend/app/data/sign_data\487_forg
488,145235480000017654308105,Lahlou,Raida,15268.87,488,backend/app/data/sign_data\488,backend/app/data/sign_data\488_forg
489,145960580000017777764813,Mustapha,Loubna,71294.69,489,backend/app/data/sign_data\489,backend/app/data/sign_data\489_forg
490,145498310000017901221522,Amrani,Hanane,1187.16,490,backend/app/data/sign_data\490,backend/app/data/sign_data\490_forg
491,145880740000018024678249,Saadi,Tama,17488.7,491,backend/app/data/sign_data\491,backend/app/data/sign_data\491_forg
492,145360150000018148134976,Taha,Jaafar,95617.46,492,backend/app/data/sign_data\492,backend/app/data/sign_data\492_forg
493,145903310000018271591619,Touil,Abdessamie,4866.58,493,backend/app/data/sign_data\493,backend/app/data/sign_data\493_forg
494,145863090000018395048315,El abbassi,Aziza,99984.83,494,backend/app/data/sign_data\494,backend/app/data/sign_data\494_forg
495,145217930000018518505091,Lachgar,Charaf Eddine,51889.0,495,backend/app/data/sign_data\495,backend/app/data/sign_data\495_forg
496,145561980000018641961746,Halim,Rahmoun,15535.67,496,backend/app/data/sign_data\496,backend/app/data/sign_data\496_forg
497,145518220000018765418488,Rahmani,Kaouakib,49996.43,497,backend/app/data/sign_data\497,backend/app/data/sign_data\497_forg
498,145557520000018888875129,Guessous,Ghanim,81865.95,498,backend/app/data/sign_data\498,backend/app/data/sign_data\498_forg
499,145600080000019012331814,Amzil,Bahria,28425.94,499,backend/app/data/sign_data\499,backend/app/data/sign_data\499_forg
500,145312190000019135788562,Amraoui,Ilhame,55149.03,500,backend/app/data/sign_data\500,backend/app/data/sign_data\500_forg
501,145181010000019259245232,Benmoussa,Hmidouch,21723.54,501,backend/app/data/sign_data\501,backend/app/data/sign_data\501_forg
502,145180180000019382701962,Badaoui,Hidaya,50347.1,502,backend/app/data/sign_data\502,backend/app/data/sign_data\502_forg
503,145753110000019506158679,Azzouzi,Moataz,59812.11,503,backend/app/data/sign_data\503,backend/app/data/sign_data\503_forg
504,145579590000019629615391,Taki,Messouda,55262.06,504,backend/app/data/sign_data\504,backend/app/data/sign_data\504_forg
505,145162130000019753072031,Amraoui,Chomeysa,19626.05,505,backend/app/data/sign_data\505,backend/app/data/sign_data\505_forg
506,145829500000019876528735,Karimi,Jamila,25455.22,506,backend/app/data/sign_data\506,backend/app/data/sign_data\506_forg
507,145464140000019999985430,Taki,Bachir,48079.49,507,backend/app/data/sign_data\507,backend/app/data/sign_data\507_forg
508,145501320000020123442168,Majid,Oualida,26014.91,508,backend/app/data/sign_data\508,backend/app/data/sign_data\508_forg
509,145830260000020246898827,Benjelloun,Maamoun,5306.29,509,backend/app/data/sign_data\509,backend/app/data/sign_data\509_forg
510,145921090000020370355517,Younes,Fail,26610.38,510,backend/app/data/sign_data\510,backend/app/data/sign_data\510_forg
511,145440740000020493812247,Rahmani,Masaoud,30371.43,511,backend/app/data/sign_data\511,backend/app/data/sign_data\511_forg
512,145741980000020617268979,Yassine,Aouich,48112.34,512,backend/app/data/sign_data\512,backend/app/data/sign_data\512_forg
513,145198090000020740725645,Amri,Tisba,81031.04,513,backend/app/data/sign_data\513,backend/app/data/sign_data\513_forg
514,145271970000020864182382,Mokhtari,Rayan,58690.93,514,backend/app/data/sign_data\514,backend/app/data/sign_data\514_forg
515,145532700000020987639046,El mansouri,Allouch,32121.54,515,backend/app/data/sign_data\515,backend/app/data/sign_data\515_forg
516,145713950000021111095734,Boutaleb,Hadifa,45388.63,516,backend/app/data/sign_data\516,backend/app/data/sign_data\516_forg
517,011573030000000000000090,Mouhib,Heba,34615.11,517,backend/app/data/sign_data\517,backend/app/data/sign_data\517_forg
518,011334090000000123456734,Lakhal,Rhassane,6931.08,518,backend/app/data/sign_data\518,backend/app/data/sign_data\518_forg
519,011566770000000246913416,Malki,Ouafik,49285.47,519,backend/app/data/sign_data\519,backend/app/data/sign_data\519_forg
520,011222690000000370370199,Chaib,Jabir,77477.42,520,backend/app/data/sign_data\520,backend/app/data/sign_data\520_forg
521,011110670000000493826855,Mahfoud,Ichraf,32837.98,521,backend/app/data/sign_data\521,backend/app/data/sign_data\521_forg
522,011176920000000617283523,Fikri,Rhassane,4383.4,522,backend/app/data/sign_data\522,backend/app/data/sign_data\522_forg
523,011160820000000740740283,Chaib,Majida,66046.22,523,backend/app/data/sign_data\523,backend/app/data/sign_data\523_forg
524,011329080000000864196933,Radi,Tijani,61344.99,524,backend/app/data/sign_data\524,backend/app/data/sign_data\524_forg
525,011697510000000987653650,Khadija,Ikram,84744.37,525,backend/app/data/sign_data\525,backend/app/data/sign_data\525_forg
526,011835930000001111110321,Chakir,Oumama,98865.2,526,backend/app/data/sign_data\526,backend/app/data/sign_data\526_forg
527,011556350000001234567094,Jabrane,Ijjou,45913.02,527,backend/app/data/sign_data\527,backend/app/data/sign_data\527_forg
528,011903170000001358023761,Lakhdar,Bousedra,56793.73,528,backend/app/data/sign_data\528,backend/app/data/sign_data\528_forg
529,011511130000001481480473,Rahmouni,Daoud,42214.69,529,backend/app/data/sign_data\529,backend/app/data/sign_data\529_forg
530,011948120000001604937120,Naim,Ouahida,94245.52,530,backend/app/data/sign_data\530,backend/app/data/sign_data\530_forg
531,011231480000001728393817,Marsli,Hamida,83763.55,531,backend/app/data/sign_data\531,backend/app/data/sign_data\531_forg
532,011566300000001851850501,Rafik,Elhouari,63763.86,532,backend/app/data/sign_data\532,backend/app/data/sign_data\532_forg
533,011611810000001975307207,Allali,Hossam Eddine,96546.37,533,backend/app/data/sign_data\533,backend/app/data/sign_data\533_forg
534,011499360000002098763967,Ouali,Alif,44687.28,534,backend/app/data/sign_data\534,backend/app/data/sign_data\534_forg
535,011415890000002222220627,El hachimi,Tareq,17928.51,535,backend/app/data/sign_data\535,backend/app/data/sign_data\535_forg
536,011436100000002345677339,Id,Hakim,58420.13,536,backend/app/data/sign_data\536,backend/app/data/sign_data\536_forg
537,011123930000002469134062,Maroc,Saousane,41552.68,537,backend/app/data/sign_data\537,backend/app/data/sign_data\537_forg
538,011277610000002592590734,Bennouna,Mahfoud,46787.0,538,backend/app/data/sign_data\538,backend/app/data/sign_data\538_forg
539,011920020000002716047484,Ouali,Bassam,75791.75,539,backend/app/data/sign_data\539,backend/app/data/sign_data\539_forg
540,011397540000002839504123,Zine,Hmida,79879.87,540,backend/app/data/sign_data\540,backend/app/data/sign_data\540_forg
541,011795070000002962960821,Azizi,Chafik,38112.9,541,backend/app/data/sign_data\541,backend/app/data/sign_data\541_forg
542,011181810000003086417531,Moumen,Nadim,11530.35,542,backend/app/data/sign_data\542,backend/app/data/sign_data\542_forg
543,011377200000003209874202,Bouzidi,Lakbir,54706.96,543,backend/app/data/sign_data\543,backend/app/data/sign_data\543_forg
544,011894320000003333330958,El bachir,Raida,41548.1,544,backend/app/data/sign_data\544,backend/app/data/sign_data\544_forg
545,011311200000003456787636,Yassine,Youssef,2615.8,545,backend/app/data/sign_data\545,backend/app/data/sign_data\545_forg
546,011359990000003580244349,Es,Mouada,18673.1,546,backend/app/data/sign_data\546,backend/app/data/sign_data\546_forg
547,011983440000003703701082,Cherradi,Ouael,92051.54,547,backend/app/data/sign_data\547,backend/app/data/sign_data\547_forg
548,011373850000003827157733,Fikri,Imane,94325.18,548,backend/app/data/sign_data\548,backend/app/data/sign_data\548_forg
549,011540700000003950614482,Kabbaj,Naouara,16291.52,549,backend/app/data/sign_data\549,backend/app/data/sign_data\549_forg
550,011504030000004074071125,Farah,Isaad,16076.9,550,backend/app/data/sign_data\550,backend/app/data/sign_data\550_forg
551,011244970000004197527891,El bachir,Bassou,59522.34,551,backend/app/data/sign_data\551,backend/app/data/sign_data\551_forg
552,011891090000004320984556,Omari,R’Himou,20221.51,552,backend/app/data/sign_data\552,backend/app/data/sign_data\552_forg
553,011143020000004444441255,Khaldi,Nabih,85503.79,553,backend/app/data/sign_data\553,backend/app/data/sign_data\553_forg
554,011959210000004567897947,Ben,Hedaya,37056.98,554,backend/app/data/sign_data\554,backend/app/data/sign_data\554_forg
555,011586390000004691354638,Mekouar,Yamane,16596.05,555,backend/app/data/sign_data\555,backend/app/data/sign_data\555_forg
556,011760930000004814811337,Mounir,Hmidouch,23096.65,556,backend/app/data/sign_data\556,backend/app/data/sign_data\556_forg
557,011202140000004938268066,Alaoui,Chams,96492.9,557,backend/app/data/sign_data\557,backend/app/data/sign_data\557_forg
558,011355280000005061724749,El alaoui,Yasmine,94026.4,558,backend/app/data/sign_data\558,backend/app/data/sign_data\558_forg
559,011970330000005185181451,El hassani,Ayada,65944.31,559,backend/app/data/sign_data\559,backend/app/data/sign_data\559_forg
560,011367770000005308638101,Benslimane,Haddou,26500.13,560,backend/app/data/sign_data\560,backend/app/data/sign_data\560_forg
561,011172410000005432094816,El hassani,Maha,72081.84,561,backend/app/data/sign_data\561,backend/app/data/sign_data\561_forg
562,011843960000005555551598,El amrani,Mansoura,33725.34,562,backend/app/data/sign_data\562,backend/app/data/sign_data\562_forg
563,011510670000005679008290,Achraf,Mahjoubi,74462.05,563,backend/app/data/sign_data\563,backend/app/data/sign_data\563_forg
564,011598440000005802464978,Achraf,Nihad,44957.4,564,backend/app/data/sign_data\564,backend/app/data/sign_data\564_forg
565,011285260000005925921688,Khalil,Nassim,27811.91,565,backend/app/data/sign_data\565,backend/app/data/sign_data\565_forg
566,011217290000006049378317,Ali,Iad,54539.73,566,backend/app/data/sign_data\566,backend/app/data/sign_data\566_forg
567,011638880000006172835060,Hicham,Bichr,82125.27,567,backend/app/data/sign_data\567,backend/app/data/sign_data\567_forg
568,011173950000006296291725,El hilali,Jaafar,30203.71,568,backend/app/data/sign_data\568,backend/app/data/sign_data\568_forg
569,011208820000006419748402,Badri,Kaima,68200.96,569,backend/app/data/sign_data\569,backend/app/data/sign_data\569_forg
570,011693230000006543205146,Rachidi,Houdaifa,77669.74,570,backend/app/data/sign_data\570,backend/app/data/sign_data\570_forg
571,011170590000006666661833,Reda,Hachouma,34318.51,571,backend/app/data/sign_data\571,backend/app/data/sign_data\571_forg
572,011286160000006790118568,Yacoubi,Marima,25013.67,572,backend/app/data/sign_data\572,backend/app/data/sign_data\572_forg
573,011166490000006913575201,Hafid,Salam,2525.69,573,backend/app/data/sign_data\573,backend/app/data/sign_data\573_forg
574,011271450000007037031912,Badr,Elghaouti,95122.77,574,backend/app/data/sign_data\574,backend/app/data/sign_data\574_forg
575,011194280000007160488669,Ismail,Soraya,34159.06,575,backend/app/data/sign_data\575,backend/app/data/sign_data\575_forg
576,011881210000007283945312,Benchekroun,Fanida,34165.37,576,backend/app/data/sign_data\576,backend/app/data/sign_data\576_forg
577,011461330000007407402080,Hamzaoui,Kaoutar,99177.73,577,backend/app/data/sign_data\577,backend/app/data/sign_data\577_forg
578,011710480000007530858768,El azzouzi,Madiha,10179.13,578,backend/app/data/sign_data\578,backend/app/data/sign_data\578_forg
579,011476840000007654315423,Mekkaoui,Rima,90538.04,579,backend/app/data/sign_data\579,backend/app/data/sign_data\579_forg
580,011857990000007777772161,Badaoui,Khadijatou,92874.47,580,backend/app/data/sign_data\580,backend/app/data/sign_data\580_forg
581,011439080000007901228894,Mourad,Assil,47803.88,581,backend/app/data/sign_data\581,backend/app/data/sign_data\581_forg
582,011724920000008024685521,Lazrak,Souhail,22129.42,582,backend/app/data/sign_data\582,backend/app/data/sign_data\582_forg
583,011736720000008148142272,Badr,Bouchtaouia,94519.33,583,backend/app/data/sign_data\583,backend/app/data/sign_data\583_forg
584,011521360000008271598953,Zaoui,Dounia,80767.8,584,backend/app/data/sign_data\584,backend/app/data/sign_data\584_forg
585,011505580000008395055693,Morchid,Haitam,32708.59,585,backend/app/data/sign_data\585,backend/app/data/sign_data\585_forg
586,011648060000008518512331,Bouziane,Haifae,49845.97,586,backend/app/data/sign_data\586,backend/app/data/sign_data\586_forg
587,011104340000008641969088,Cherkaoui,Said,16809.01,587,backend/app/data/sign_data\587,backend/app/data/sign_data\587_forg
588,011326460000008765425710,Zakaria,Kabir,59949.04,588,backend/app/data/sign_data\588,backend/app/data/sign_data\588_forg
589,011488500000008888882448,Anas,Loutfi,73152.78,589,backend/app/data/sign_data\589,backend/app/data/sign_data\589_forg
590,011682850000009012339182,Lachhab,Badri,95580.5,590,backend/app/data/sign_data\590,backend/app/data/sign_data\590_forg
591,011853030000009135795815,Sabir,Fath Allah,59523.08,591,backend/app/data/sign_data\591,backend/app/data/sign_data\591_forg
592,011341640000009259252555,Ait el,Assou,40880.76,592,backend/app/data/sign_data\592,backend/app/data/sign_data\592_forg
593,011716740000009382709209,Mounir,Nahid,84723.41,593,backend/app/data/sign_data\593,backend/app/data/sign_data\593_forg
594,011302570000009506165941,Meftah,Fatna,44490.73,594,backend/app/data/sign_data\594,backend/app/data/sign_data\594_forg
595,011423340000009629622666,El ouazzani,Marjane,57771.39,595,backend/app/data/sign_data\595,backend/app/data/sign_data\595_forg
596,011702520000009753079354,Id,Zoubir,79247.41,596,backend/app/data/sign_data\596,backend/app/data/sign_data\596_forg
597,011618030000009876536018,Hassani,Fahd,22978.72,597,backend/app/data/sign_data\597,backend/app/data/sign_data\597_forg
598,011575500000009999992739,Daoudi,Badr Ezzamane,87301.24,598,backend/app/data/sign_data\598,backend/app/data/sign_data\598_forg
599,011722280000010123449480,Chadli,Khalil,61652.77,599,backend/app/data/sign_data\599,backend/app/data/sign_data\599_forg
600,011310020000010246906141,Bentaleb,Yahia,43000.23,600,backend/app/data/sign_data\600,backend/app/data/sign_data\600_forg
601,011280510000010370362840,Mansour,Assila,35962.91,601,backend/app/data/sign_data\601,backend/app/data/sign_data\601_forg
602,011814090000010493819581,Soufiane,Hikma,30333.08,602,backend/app/data/sign_data\602,backend/app/data/sign_data\602_forg
603,011160800000010617276287,Mansouri,Sara,8419.48,603,backend/app/data/sign_data\603,backend/app/data/sign_data\603_forg
604,011640040000010740732991,Fakir,Assil,12875.03,604,backend/app/data/sign_data\604,backend/app/data/sign_data\604_forg
605,011114800000010864189616,Ramzi,Elbachir,44915.45,605,backend/app/data/sign_data\605,backend/app/data/sign_data\605_forg
606,011837050000010987646336,Semlali,Ghalia,36444.48,606,backend/app/data/sign_data\606,backend/app/data/sign_data\606_forg
607,011266790000011111103087,Hilal,Hababa,47834.76,607,backend/app/data/sign_data\607,backend/app/data/sign_data\607_forg
608,011124880000011234559777,Hamdaoui,Kamaria,1280.11,608,backend/app/data/sign_data\608,backend/app/data/sign_data\608_forg
609,011771350000011358016489,Ghazi,Raouf,59651.23,609,backend/app/data/sign_data\609,backend/app/data/sign_data\609_forg
610,011159340000011481473127,Laaroussi,Chahida,78625.43,610,backend/app/data/sign_data\610,backend/app/data/sign_data\610_forg
611,011651210000011604929869,Azizi,Ayacha,47173.37,611,backend/app/data/sign_data\611,backend/app/data/sign_data\611_forg
612,011717520000011728386513,Hamzaoui,Nabil,83831.8,612,backend/app/data/sign_data\612,backend/app/data/sign_data\612_forg
613,011577320000011851843263,El amrani,Tahra,1772.95,613,backend/app/data/sign_data\613,backend/app/data/sign_data\613_forg
614,011108190000011975299975,Belhaj,Idriss,27801.12,614,backend/app/data/sign_data\614,backend/app/data/sign_data\614_forg
615,011426020000012098756654,Hassani,Naziha,55815.37,615,backend/app/data/sign_data\615,backend/app/data/sign_data\615_forg
616,011431820000012222213391,Mabrouk,Kawkab,804.26,616,backend/app/data/sign_data\616,backend/app/data/sign_data\616_forg
617,011433030000012345670060,Diouri,Azzeddine,7760.36,617,backend/app/data/sign_data\617,backend/app/data/sign_data\617_forg
618,011543520000012469126794,Elamrani,Anissa,27374.12,618,backend/app/data/sign_data\618,backend/app/data/sign_data\618_forg
619,011473640000012592583498,Baba,Chahid,12959.7,619,backend/app/data/sign_data\619,backend/app/data/sign_data\619_forg
620,011236310000012716040193,Amraoui,Raeda,22976.84,620,backend/app/data/sign_data\620,backend/app/data/sign_data\620_forg
621,011204260000012839496822,Diouri,Yazza,6856.92,621,backend/app/data/sign_data\621,backend/app/data/sign_data\621_forg
622,011394660000012962953537,El mansouri,Fatine,40359.73,622,backend/app/data/sign_data\622,backend/app/data/sign_data\622_forg
623,011123160000013086410283,Yassine,Charaf,13299.85,623,backend/app/data/sign_data\623,backend/app/data/sign_data\623_forg
624,011576300000013209866980,Moumni,Fahd,98911.67,624,backend/app/data/sign_data\624,backend/app/data/sign_data\624_forg
625,011685620000013333323623,Boukhari,Nazha,62080.52,625,backend/app/data/sign_data\625,backend/app/data/sign_data\625_forg
626,011144770000013456780301,Mehdi,Oualada,87327.65,626,backend/app/data/sign_data\626,backend/app/data/sign_data\626_forg
627,011415940000013580237030,Taoufik,Abdessafi,96202.93,627,backend/app/data/sign_data\627,backend/app/data/sign_data\627_forg
628,011402870000013703693746,Wahbi,Abderrazak,31082.36,628,backend/app/data/sign_data\628,backend/app/data/sign_data\628_forg
629,011272930000013827150451,Fadili,Badr Eddine,72639.86,629,backend/app/data/sign_data\629,backend/app/data/sign_data\629_forg
630,011369130000013950607180,Nassiri,Nassih,46868.46,630,backend/app/data/sign_data\630,backend/app/data/sign_data\630_forg
631,011234440000014074063864,Hakim,Redouane,57950.39,631,backend/app/data/sign_data\631,backend/app/data/sign_data\631_forg
632,011352040000014197520517,Marouane,Inas,97971.83,632,backend/app/data/sign_data\632,backend/app/data/sign_data\632_forg
633,011708480000014320977234,Farid,Jamea,18630.74,633,backend/app/data/sign_data\633,backend/app/data/sign_data\633_forg
634,011838680000014444433907,Kaoutar,Rostom,26320.6,634,backend/app/data/sign_data\634,backend/app/data/sign_data\634_forg
635,011376040000014567890688,Moumen,Doha,41590.55,635,backend/app/data/sign_data\635,backend/app/data/sign_data\635_forg
636,011177040000014691347332,Ali,Nassif,63779.67,636,backend/app/data/sign_data\636,backend/app/data/sign_data\636_forg
637,011646620000014814804098,El kadiri,Zahir,99355.13,637,backend/app/data/sign_data\637,backend/app/data/sign_data\637_forg
638,011955840000014938260731,Mekkaoui,Fada,44490.87,638,backend/app/data/sign_data\638,backend/app/data/sign_data\638_forg
639,011822000000015061717445,Bouayad,Narjis,28130.62,639,backend/app/data/sign_data\639,backend/app/data/sign_data\639_forg
640,011720920000015185174123,Rachidi,Houmad,80004.77,640,backend/app/data/sign_data\640,backend/app/data/sign_data\640_forg
641,011918090000015308630864,Maarouf,Isaad,50457.69,641,backend/app/data/sign_data\641,backend/app/data/sign_data\641_forg
642,011178960000015432087525,Adil,Anssi,93992.14,642,backend/app/data/sign_data\642,backend/app/data/sign_data\642_forg
643,011314400000015555544282,Ben,Odria,22083.18,643,backend/app/data/sign_data\643,backend/app/data/sign_data\643_forg
644,011529220000015679000941,Chahid,Hadia,60971.36,644,backend/app/data/sign_data\644,backend/app/data/sign_data\644_forg
645,011164170000015802457616,Sabir,Hammam,14605.55,645,backend/app/data/sign_data\645,backend/app/data/sign_data\645_forg
646,011479670000015925914373,Sekkat,Razika,15975.95,646,backend/app/data/sign_data\646,backend/app/data/sign_data\646_forg
647,011354840000016049371014,El mustapha,Sarah,41644.9,647,backend/app/data/sign_data\647,backend/app/data/sign_data\647_forg
648,011147760000016172827721,El mostafa,Elchahid,80821.78,648,backend/app/data/sign_data\648,backend/app/data/sign_data\648_forg
649,011780070000016296284413,Anas,Jaouda,97142.02,649,backend/app/data/sign_data\649,backend/app/data/sign_data\649_forg
650,011298330000016419741185,Mohamed,Anouar,40217.81,650,backend/app/data/sign_data\650,backend/app/data/sign_data\650_forg
651,011982640000016543197890,Talbi,Souhaib,69381.23,651,backend/app/data/sign_data\651,backend/app/data/sign_data\651_forg
652,011201290000016666654548,Karam,Ayich,29187.49,652,backend/app/data/sign_data\652,backend/app/data/sign_data\652_forg
653,011988630000016790111291,Cherradi,Kebour,76254.36,653,backend/app/data/sign_data\653,backend/app/data/sign_data\653_forg
654,011415720000016913567975,Saoudi,Ghizlane,44709.29,654,backend/app/data/sign_data\654,backend/app/data/sign_data\654_forg
655,011953840000017037024669,Hafid,Abir,1095.62,655,backend/app/data/sign_data\655,backend/app/data/sign_data\655_forg
656,011652780000017160481345,Chaoui,Nehad,84067.91,656,backend/app/data/sign_data\656,backend/app/data/sign_data\656_forg
657,011560530000017283938023,Tazi,Tofail,56068.2,657,backend/app/data/sign_data\657,backend/app/data/sign_data\657_forg
658,011681940000017407394771,Yacoubi,Ouijdane,20752.22,658,backend/app/data/sign_data\658,backend/app/data/sign_data\658_forg
659,011296810000017530851456,Karim,Chakir,50509.58,659,backend/app/data/sign_data\659,backend/app/data/sign_data\659_forg
660,011589100000017654308196,Ben,Raihana,79423.05,660,backend/app/data/sign_data\660,backend/app/data/sign_data\660_forg
661,011535240000017777764825,Chami,Rochdia,18989.24,661,backend/app/data/sign_data\661,backend/app/data/sign_data\661_forg
662,011633850000017901221585,Maarouf,Boutaina,62614.26,662,backend/app/data/sign_data\662,backend/app/data/sign_data\662_forg
663,011712230000018024678246,Ouardi,Randa,13328.13,663,backend/app/data/sign_data\663,backend/app/data/sign_data\663_forg
664,011526370000018148134967,Moumen,Lamyae,96623.79,664,backend/app/data/sign_data\664,backend/app/data/sign_data\664_forg
665,011327400000018271591650,Choukri,Sabiha,29954.14,665,backend/app/data/sign_data\665,backend/app/data/sign_data\665_forg
666,011790210000018395048332,Berrada,Ziyad,99491.17,666,backend/app/data/sign_data\666,backend/app/data/sign_data\666_forg
667,011440760000018518505093,Toumi,Ichraf,53934.3,667,backend/app/data/sign_data\667,backend/app/data/sign_data\667_forg
668,011794330000018641961789,Abou,Jaber,49993.15,668,backend/app/data/sign_data\668,backend/app/data/sign_data\668_forg
669,011600180000018765418461,Amghar,Malih,3608.27,669,backend/app/data/sign_data\669,backend/app/data/sign_data\669_forg
670,011285180000018888875133,Fikri,Kacem,87957.99,670,backend/app/data/sign_data\670,backend/app/data/sign_data\670_forg
671,011769700000019012331895,Tahri,Hada,73497.56,671,backend/app/data/sign_data\671,backend/app/data/sign_data\671_forg
672,011400230000019135788541,Anas,Arifa,23584.29,672,backend/app/data/sign_data\672,backend/app/data/sign_data\672_forg
673,011400690000019259245260,El mokhtar,Fath Allah,84180.32,673,backend/app/data/sign_data\673,backend/app/data/sign_data\673_forg
674,011742020000019382701971,Chadli,Rkia,44782.49,674,backend/app/data/sign_data\674,backend/app/data/sign_data\674_forg
675,011414630000019506158627,Benkirane,Istirae,93114.27,675,backend/app/data/sign_data\675,backend/app/data/sign_data\675_forg
676,011446880000019629615348,Fouad,Tlaitmas,20785.9,676,backend/app/data/sign_data\676,backend/app/data/sign_data\676_forg
677,011705660000019753072056,Er,Amria,3318.84,677,backend/app/data/sign_data\677,backend/app/data/sign_data\677_forg
678,011501780000019876528785,Lakhdar,Anouar,83015.68,678,backend/app/data/sign_data\678,backend/app/data/sign_data\678_forg
679,011433370000019999985452,Mazouz,Labiba,15759.38,679,backend/app/data/sign_data\679,backend/app/data/sign_data\679_forg
680,011353140000020123442147,Naim,Hamdaouia,9739.31,680,backend/app/data/sign_data\680,backend/app/data/sign_data\680_forg
681,011878340000020246898819,Chahid,Ouahab,77498.28,681,backend/app/data/sign_data\681,backend/app/data/sign_data\681_forg
682,011726920000020370355514,Hilal,Karima,12791.61,682,backend/app/data/sign_data\682,backend/app/data/sign_data\682_forg
683,011980620000020493812201,Reda,Saif,39723.2,683,backend/app/data/sign_data\683,backend/app/data/sign_data\683_forg
684,011585960000020617268900,Ouazzani,Malek,51393.1,684,backend/app/data/sign_data\684,backend/app/data/sign_data\684_forg
685,011190900000020740725661,El ouardi,Bahia,73682.62,685,backend/app/data/sign_data\685,backend/app/data/sign_data\685_forg
686,011763970000020864182340,Mahfoud,Nassiba,73609.69,686,backend/app/data/sign_data\686,backend/app/data/sign_data\686_forg
