ID_CLIENT_SYNTH,RIB,Nom,Prénom,Solde_MAD,Statut_Compte,SIGNATURE_ID_REF,PATH_GENUINE,PATH_FORGED,ID_Beneficiaires_Payes
1,230807220000000000000003,Zakaria,Hsina,66199.29,Inactif,001,backend/app/data/sign_data\001,backend/app/data/sign_data\001_forg,[831]
2,230832030000000123456749,Said,Fatou,95456.11,Inactif,002,backend/app/data/sign_data\002,backend/app/data/sign_data\002_forg,[613]
3,230638510000000246913408,Benmoussa,Bamou,69363.99,Actif,003,backend/app/data/sign_data\003,backend/app/data/sign_data\003_forg,"[40, 447]"
4,230163400000000370370116,Bouazza,Hachouma,52245.05,Inactif,004,backend/app/data/sign_data\004,backend/app/data/sign_data\004_forg,"[567, 498]"
5,230924890000000493826882,Berrada,Intissar,13926.52,Inactif,005,backend/app/data/sign_data\005,backend/app/data/sign_data\005_forg,[932]
6,230530860000000617283528,Jabrane,Elmahdi,58098.03,Inactif,006,backend/app/data/sign_data\006,backend/app/data/sign_data\006_forg,"[759, 989, 697]"
7,230280620000000740740239,Elamrani,Elkhadioui,21567.2,Actif,007,backend/app/data/sign_data\007,backend/app/data/sign_data\007_forg,[581]
8,230571970000000864196906,El hachimi,Moufida,44279.16,Actif,008,backend/app/data/sign_data\008,backend/app/data/sign_data\008_forg,"[351, 269]"
9,230649610000000987653684,Tazi,Faissal,8751.65,Actif,009,backend/app/data/sign_data\009,backend/app/data/sign_data\009_forg,[990]
10,230718680000001111110307,Mimouni,Anissa,48548.69,Inactif,010,backend/app/data/sign_data\010,backend/app/data/sign_data\010_forg,"[971, 349]"
11,230543860000001234567020,Hafidi,Fath Allah,59924.71,Inactif,011,backend/app/data/sign_data\011,backend/app/data/sign_data\011_forg,"[880, 501, 876]"
12,230941080000001358023786,Azizi,Saif Elislam,9355.79,Inactif,012,backend/app/data/sign_data\012,backend/app/data/sign_data\012_forg,[106]
13,230157990000001481480496,Id,Allou,50830.99,Inactif,013,backend/app/data/sign_data\013,backend/app/data/sign_data\013_forg,"[551, 18, 209]"
14,230472840000001604937138,Sadik,Chama,31032.78,Inactif,014,backend/app/data/sign_data\014,backend/app/data/sign_data\014_forg,"[486, 890]"
15,230185200000001728393890,Lazrak,Malha,81909.45,Actif,015,backend/app/data/sign_data\015,backend/app/data/sign_data\015_forg,[533]
16,230922630000001851850502,Cherkaoui,Amjad,35128.99,Actif,016,backend/app/data/sign_data\016,backend/app/data/sign_data\016_forg,"[933, 137, 714]"
17,230141050000001975307290,El hassan,Ouahab,50039.42,Inactif,017,backend/app/data/sign_data\017,backend/app/data/sign_data\017_forg,[888]
18,230798380000002098763934,Regragui,Haitam,17490.95,Actif,018,backend/app/data/sign_data\018,backend/app/data/sign_data\018_forg,"[602, 239, 790, 894]"
19,230899160000002222220652,Saadi,Achour,25090.48,Actif,019,backend/app/data/sign_data\019,backend/app/data/sign_data\019_forg,[397]
20,230925710000002345677320,Elamrani,Haitam,78853.86,Actif,020,backend/app/data/sign_data\020,backend/app/data/sign_data\020_forg,[846]
21,230399140000002469134091,El mehdi,Namir,31626.73,Inactif,021,backend/app/data/sign_data\021,backend/app/data/sign_data\021_forg,[559]
22,230326950000002592590767,Zahraoui,Bikr,1798.08,Inactif,022,backend/app/data/sign_data\022,backend/app/data/sign_data\022_forg,"[176, 17]"
23,230921960000002716047442,Abid,Raihane,12783.05,Inactif,023,backend/app/data/sign_data\023,backend/app/data/sign_data\023_forg,"[491, 223]"
24,230949940000002839504190,Fadili,Chams Eddouha,23488.19,Inactif,024,backend/app/data/sign_data\024,backend/app/data/sign_data\024_forg,"[946, 129]"
25,230264190000002962960809,Diouri,Addi,55695.83,Actif,025,backend/app/data/sign_data\025,backend/app/data/sign_data\025_forg,"[53, 712]"
26,230710980000003086417571,Touzani,Malih,21933.24,Actif,026,backend/app/data/sign_data\026,backend/app/data/sign_data\026_forg,"[906, 494]"
27,230759390000003209874289,El haddad,Batoul,68049.47,Inactif,027,backend/app/data/sign_data\027,backend/app/data/sign_data\027_forg,[8]
28,230945200000003333330988,El mansouri,Rania,73365.72,Actif,028,backend/app/data/sign_data\028,backend/app/data/sign_data\028_forg,[385]
29,230281740000003456787663,Nabil,Rabbah,78695.3,Actif,029,backend/app/data/sign_data\029,backend/app/data/sign_data\029_forg,"[926, 426]"
30,230540850000003580244393,Nabil,Ichraf,97566.37,Inactif,030,backend/app/data/sign_data\030,backend/app/data/sign_data\030_forg,[474]
31,230785990000003703701025,Badr,Hasnae,39093.86,Actif,031,backend/app/data/sign_data\031,backend/app/data/sign_data\031_forg,[887]
32,230233200000003827157793,Ben,Bilal,26747.79,Inactif,032,backend/app/data/sign_data\032,backend/app/data/sign_data\032_forg,[449]
33,230651760000003950614499,Naim,Farhate,29373.26,Inactif,033,backend/app/data/sign_data\033,backend/app/data/sign_data\033_forg,"[306, 649]"
34,230343020000004074071105,Hakim,Rahima,83795.02,Inactif,034,backend/app/data/sign_data\034,backend/app/data/sign_data\034_forg,[453]
35,230514650000004197527888,Soussi,Bichr,11149.83,Inactif,035,backend/app/data/sign_data\035,backend/app/data/sign_data\035_forg,"[381, 592]"
36,230189130000004320984554,Fakir,Tamimount,83321.74,Actif,036,backend/app/data/sign_data\036,backend/app/data/sign_data\036_forg,[749]
37,230121290000004444441271,Fikri,Jouhairia,98694.62,Inactif,037,backend/app/data/sign_data\037,backend/app/data/sign_data\037_forg,[407]
38,230759270000004567897909,Jaafar,Mariem,4476.35,Actif,038,backend/app/data/sign_data\038,backend/app/data/sign_data\038_forg,[647]
39,230285770000004691354683,Baba,Imad Eddine,20753.16,Actif,039,backend/app/data/sign_data\039,backend/app/data/sign_data\039_forg,[367]
40,230449390000004814811322,El amri,Hinda,54592.08,Actif,040,backend/app/data/sign_data\040,backend/app/data/sign_data\040_forg,"[69, 358, 637, 648]"
41,230867160000004938268083,Belhaj,Salma,21978.13,Inactif,041,backend/app/data/sign_data\041,backend/app/data/sign_data\041_forg,"[680, 930]"
42,230439790000005061724744,Sabir,Jouhaina,99086.36,Inactif,044,backend/app/data/sign_data\044,backend/app/data/sign_data\044_forg,"[87, 619, 952]"
43,230813140000005185181451,Nejjar,Imad Eddine,34366.47,Actif,046,backend/app/data/sign_data\046,backend/app/data/sign_data\046_forg,"[829, 868, 766]"
44,230377800000005308638161,Benjelloun,Adiba,82601.63,Inactif,047,backend/app/data/sign_data\047,backend/app/data/sign_data\047_forg,"[656, 820]"
45,230844040000005432094859,Nejjar,Zaid,26099.54,Inactif,049,backend/app/data/sign_data\049,backend/app/data/sign_data\049_forg,"[276, 196]"
46,230364700000005555551594,Diouri,Sarie,32161.03,Actif,050,backend/app/data/sign_data\050,backend/app/data/sign_data\050_forg,"[580, 912]"
47,230402150000005679008285,Hasnaoui,Naim,37388.53,Actif,051,backend/app/data/sign_data\051,backend/app/data/sign_data\051_forg,[78]
48,230260530000005802464947,Oulad,Ouahiba,15289.6,Inactif,052,backend/app/data/sign_data\052,backend/app/data/sign_data\052_forg,"[898, 205]"
49,230678980000005925921635,Chaib,Achraf,75649.98,Inactif,054,backend/app/data/sign_data\054,backend/app/data/sign_data\054_forg,[30]
50,230639970000006049378374,Moussaid,Dalila,36072.66,Actif,055,backend/app/data/sign_data\055,backend/app/data/sign_data\055_forg,[63]
51,230230050000006172835091,Abdo,Oum Essaad,61279.88,Inactif,056,backend/app/data/sign_data\056,backend/app/data/sign_data\056_forg,"[116, 944]"
52,230762580000006296291700,Farah,Hakima,20514.94,Inactif,057,backend/app/data/sign_data\057,backend/app/data/sign_data\057_forg,[667]
53,230946850000006419748425,El idrissi,Abdelouali,99917.55,Actif,060,backend/app/data/sign_data\060,backend/app/data/sign_data\060_forg,"[430, 875]"
54,230191770000006543205132,Fares,Heba,60417.54,Inactif,061,backend/app/data/sign_data\061,backend/app/data/sign_data\061_forg,[635]
55,230979840000006666661878,Hilali,Abdessatar,15538.06,Inactif,063,backend/app/data/sign_data\063,backend/app/data/sign_data\063_forg,[371]
56,230122310000006790118530,Sadik,Lounes,99343.52,Actif,065,backend/app/data/sign_data\065,backend/app/data/sign_data\065_forg,"[201, 808]"
57,230193670000006913575285,Sara,Hafs,97676.76,Actif,066,backend/app/data/sign_data\066,backend/app/data/sign_data\066_forg,"[695, 427]"
58,230107510000007037031909,Tazi,Sarie,44294.48,Inactif,067,backend/app/data/sign_data\067,backend/app/data/sign_data\067_forg,"[505, 469]"
59,230147250000007160488657,Salma,Chaouki,13271.32,Actif,068,backend/app/data/sign_data\068,backend/app/data/sign_data\068_forg,"[369, 366, 489]"
60,230885530000007283945335,Guessous,Faras,51312.69,Inactif,069,backend/app/data/sign_data\069,backend/app/data/sign_data\069_forg,"[197, 5]"
61,230750110000007407402091,Mohammed,Faouzi,556.67,Inactif,070,backend/app/data/sign_data\070,backend/app/data/sign_data\070_forg,"[149, 124]"
62,230887600000007530858717,Ali,Jouayria,6820.07,Inactif,071,backend/app/data/sign_data\071,backend/app/data/sign_data\071_forg,"[321, 162, 741]"
63,230608440000007654315449,Faiz,Abdessamad,75731.79,Actif,072,backend/app/data/sign_data\072,backend/app/data/sign_data\072_forg,[998]
64,230958450000007777772141,El ouardi,Ghali,38404.13,Actif,073,backend/app/data/sign_data\073,backend/app/data/sign_data\073_forg,[171]
65,230638020000007901228800,Bennani,Adnane,34898.84,Inactif,074,backend/app/data/sign_data\074,backend/app/data/sign_data\074_forg,[159]
66,230573050000008024685583,Benkirane,Yasmina,73488.29,Actif,076,backend/app/data/sign_data\076,backend/app/data/sign_data\076_forg,"[84, 508, 630]"
67,230433630000008148142296,El mehdi,Taj Eddine,21585.57,Inactif,077,backend/app/data/sign_data\077,backend/app/data/sign_data\077_forg,[305]
68,230207550000008271598913,Bouziane,Kamel,94216.19,Actif,078,backend/app/data/sign_data\078,backend/app/data/sign_data\078_forg,"[657, 614]"
69,230891030000008395055609,El abbassi,Afaf,92864.1,Actif,080,backend/app/data/sign_data\080,backend/app/data/sign_data\080_forg,[615]
70,230482790000008518512362,Kaoutar,Farji,14619.61,Actif,081,backend/app/data/sign_data\081,backend/app/data/sign_data\081_forg,[717]
71,230162200000008641969053,Taha,Elkhamsa,23376.62,Actif,082,backend/app/data/sign_data\082,backend/app/data/sign_data\082_forg,[148]
72,230648090000008765425753,Yousfi,Khadouja,19466.69,Inactif,083,backend/app/data/sign_data\083,backend/app/data/sign_data\083_forg,[827]
73,230708910000008888882484,Ahmed,Brahim,82770.14,Actif,084,backend/app/data/sign_data\084,backend/app/data/sign_data\084_forg,[985]
74,230978950000009012339147,Zitouni,Bachir,24467.81,Inactif,085,backend/app/data/sign_data\085,backend/app/data/sign_data\085_forg,[222]
75,230431620000009135795882,Choukri,Habib Allah,34496.42,Actif,086,backend/app/data/sign_data\086,backend/app/data/sign_data\086_forg,[978]
76,230708800000009259252582,Boukhari,Rachika,95200.08,Inactif,087,backend/app/data/sign_data\087,backend/app/data/sign_data\087_forg,"[416, 356]"
77,230809470000009382709212,Hamdaoui,Chafai,82825.22,Inactif,088,backend/app/data/sign_data\088,backend/app/data/sign_data\088_forg,[949]
78,230884920000009506165987,Lamrani,Ghazi,3241.46,Inactif,089,backend/app/data/sign_data\089,backend/app/data/sign_data\089_forg,"[791, 253, 216]"
79,230784420000009629622656,Elidrissi,Kaema,85210.45,Inactif,090,backend/app/data/sign_data\090,backend/app/data/sign_data\090_forg,"[235, 415, 173]"
80,230115060000009753079390,Nejjar,Hamdane,3647.76,Inactif,091,backend/app/data/sign_data\091,backend/app/data/sign_data\091_forg,"[538, 777]"
81,230102450000009876536014,Moussaoui,Kais,40865.8,Inactif,092,backend/app/data/sign_data\092,backend/app/data/sign_data\092_forg,"[750, 28, 157, 611]"
82,230819680000009999992782,Elamrani,Antara,34941.83,Actif,093,backend/app/data/sign_data\093,backend/app/data/sign_data\093_forg,[309]
83,230267030000010123449466,Radi,Baba,41212.63,Actif,094,backend/app/data/sign_data\094,backend/app/data/sign_data\094_forg,"[109, 496]"
84,230192710000010246906131,Mehdi,Elmahdi,42824.73,Actif,095,backend/app/data/sign_data\095,backend/app/data/sign_data\095_forg,"[774, 969, 50]"
85,230315250000010370362892,El mokhtar,Hassna,8166.33,Actif,096,backend/app/data/sign_data\096,backend/app/data/sign_data\096_forg,"[872, 34]"
86,230157350000010493819590,Hamdi,Laith,31975.97,Inactif,097,backend/app/data/sign_data\097,backend/app/data/sign_data\097_forg,[948]
87,230758360000010617276249,Ameziane,Chaabane,11898.06,Actif,098,backend/app/data/sign_data\098,backend/app/data/sign_data\098_forg,"[54, 355, 760]"
88,230675290000010740732977,Yacoubi,Kadour,23160.67,Actif,099,backend/app/data/sign_data\099,backend/app/data/sign_data\099_forg,[622]
89,230904200000010864189630,Moumen,Moaouia,52553.38,Actif,100,backend/app/data/sign_data\100,backend/app/data/sign_data\100_forg,"[901, 634]"
90,230251360000010987646364,El alaoui,Awicha,93223.35,Inactif,101,backend/app/data/sign_data\101,backend/app/data/sign_data\101_forg,"[802, 652]"
91,230249510000011111103010,Raji,Alaeeddine,2274.95,Inactif,102,backend/app/data/sign_data\102,backend/app/data/sign_data\102_forg,[396]
92,230812180000011234559717,Salah,Amal,50381.92,Inactif,104,backend/app/data/sign_data\104,backend/app/data/sign_data\104_forg,[527]
93,230469320000011358016411,Tijani,Bouhout,35984.95,Inactif,106,backend/app/data/sign_data\106,backend/app/data/sign_data\106_forg,"[520, 3]"
94,230870990000011481473180,Chami,Elchahid,13877.53,Actif,107,backend/app/data/sign_data\107,backend/app/data/sign_data\107_forg,"[968, 984]"
95,230713840000011604929837,Lakhdar,Kaima,27683.63,Actif,110,backend/app/data/sign_data\110,backend/app/data/sign_data\110_forg,"[82, 995]"
96,230645430000011728386599,Faiz,Rahima,78582.63,Actif,111,backend/app/data/sign_data\111,backend/app/data/sign_data\111_forg,"[359, 664, 130]"
97,230275840000011851843200,Samir,Saif Elislam,92554.39,Actif,112,backend/app/data/sign_data\112,backend/app/data/sign_data\112_forg,[812]
98,230709850000011975299928,Brahim,Abdelmouttalib,30942.51,Actif,113,backend/app/data/sign_data\113,backend/app/data/sign_data\113_forg,"[221, 372, 889, 383]"
99,230442770000012098756624,Khattabi,Ezzine,16525.58,Inactif,114,backend/app/data/sign_data\114,backend/app/data/sign_data\114_forg,[823]
100,230810860000012222213300,Mansour,Ramdane,52170.43,Actif,115,backend/app/data/sign_data\115,backend/app/data/sign_data\115_forg,"[174, 822]"
101,230384510000012345670026,Mokhtari,Jabir,98483.89,Inactif,116,backend/app/data/sign_data\116,backend/app/data/sign_data\116_forg,"[122, 572, 671]"
102,230791160000012469126703,Rahali,Abdelkhalek,85560.71,Actif,117,backend/app/data/sign_data\117,backend/app/data/sign_data\117_forg,[485]
103,230673430000012592583481,Rida,Hadi,53049.05,Actif,118,backend/app/data/sign_data\118,backend/app/data/sign_data\118_forg,[7]
104,230414180000012716040167,Abou,Sobhi,71585.56,Inactif,119,backend/app/data/sign_data\119,backend/app/data/sign_data\119_forg,[587]
105,230207960000012839496859,Zine,Najia,77692.57,Actif,121,backend/app/data/sign_data\121,backend/app/data/sign_data\121_forg,[45]
106,230337800000012962953525,Talbi,Fikri,76100.56,Inactif,122,backend/app/data/sign_data\122,backend/app/data/sign_data\122_forg,[798]
107,230681950000013086410271,Madani,Osmane,20416.93,Actif,123,backend/app/data/sign_data\123,backend/app/data/sign_data\123_forg,[413]
108,230498070000013209866939,Azizi,Ouardia,96362.13,Inactif,124,backend/app/data/sign_data\124,backend/app/data/sign_data\124_forg,"[473, 856]"
109,230563870000013333323612,Jamali,Majd,68363.3,Actif,125,backend/app/data/sign_data\125,backend/app/data/sign_data\125_forg,"[878, 935, 71]"
110,230527650000013456780370,El mustapha,Khnata,44682.54,Actif,126,backend/app/data/sign_data\126,backend/app/data/sign_data\126_forg,"[591, 972, 342]"
111,230264640000013580237036,El amri,Makhlouf,43205.25,Actif,128,backend/app/data/sign_data\128,backend/app/data/sign_data\128_forg,[22]
112,230997500000013703693749,Tahiri,Masrour,3224.09,Actif,129,backend/app/data/sign_data\129,backend/app/data/sign_data\129_forg,"[373, 375]"
113,230153550000013827150404,Loukili,Saadoune,17823.22,Inactif,130,backend/app/data/sign_data\130,backend/app/data/sign_data\130_forg,"[945, 51]"
114,230797490000013950607133,El filali,Hicham,89183.97,Actif,131,backend/app/data/sign_data\131,backend/app/data/sign_data\131_forg,"[497, 668]"
115,230298390000014074063854,Lahlou,Hayat,32284.12,Actif,132,backend/app/data/sign_data\132,backend/app/data/sign_data\132_forg,"[412, 299]"
116,230816570000014197520595,Ismaili,Talha,55034.4,Inactif,133,backend/app/data/sign_data\133,backend/app/data/sign_data\133_forg,"[699, 308]"
117,230454380000014320977254,Atif,Habiba,26747.81,Inactif,135,backend/app/data/sign_data\135,backend/app/data/sign_data\135_forg,"[563, 519, 365]"
118,230119740000014444433936,Raji,Nahid,6664.95,Actif,136,backend/app/data/sign_data\136,backend/app/data/sign_data\136_forg,[803]
119,230767080000014567890635,Najib,Barka,67738.2,Inactif,137,backend/app/data/sign_data\137,backend/app/data/sign_data\137_forg,"[701, 525]"
120,230155740000014691347354,Badri,Abdenbi,10466.54,Actif,138,backend/app/data/sign_data\138,backend/app/data/sign_data\138_forg,"[289, 638]"
121,230898960000014814804038,Marouane,Alia,985.12,Actif,139,backend/app/data/sign_data\139,backend/app/data/sign_data\139_forg,[713]
122,230285440000014938260787,Ramzi,Mahjoub,18723.54,Actif,140,backend/app/data/sign_data\140,backend/app/data/sign_data\140_forg,"[2, 873]"
123,230206640000015061717418,Hanafi,Ibrahim,91217.24,Inactif,141,backend/app/data/sign_data\141,backend/app/data/sign_data\141_forg,[110]
124,230489230000015185174177,Charif,Hassan,68421.59,Inactif,142,backend/app/data/sign_data\142,backend/app/data/sign_data\142_forg,"[472, 361]"
125,230457360000015308630807,Jamal,Othmana,37767.79,Actif,143,backend/app/data/sign_data\143,backend/app/data/sign_data\143_forg,[845]
126,230698780000015432087500,Nouri,Safae,38393.08,Inactif,144,backend/app/data/sign_data\144,backend/app/data/sign_data\144_forg,"[598, 834]"
127,230104760000015555544208,Chaouki,Ouael,69491.95,Inactif,145,backend/app/data/sign_data\145,backend/app/data/sign_data\145_forg,"[268, 727, 625]"
128,230714970000015679000918,Benani,Houcine,93272.1,Actif,146,backend/app/data/sign_data\146,backend/app/data/sign_data\146_forg,[939]
129,230731450000015802457612,El hachimi,Mimoun,99953.12,Actif,147,backend/app/data/sign_data\147,backend/app/data/sign_data\147_forg,[195]
130,230563710000015925914389,Anouar,Ouihab,18581.87,Inactif,148,backend/app/data/sign_data\148,backend/app/data/sign_data\148_forg,"[605, 577]"
131,230792540000016049371044,Benomar,Raeda,36939.88,Inactif,149,backend/app/data/sign_data\149,backend/app/data/sign_data\149_forg,"[606, 326]"
132,230635940000016172827794,Lazrak,Hada,83927.13,Inactif,151,backend/app/data/sign_data\151,backend/app/data/sign_data\151_forg,"[446, 378]"
133,230208190000016296284419,Faiz,Addi,75517.46,Inactif,152,backend/app/data/sign_data\152,backend/app/data/sign_data\152_forg,[506]
134,230457220000016419741143,Lakhal,Smahane,12297.58,Actif,153,backend/app/data/sign_data\153,backend/app/data/sign_data\153_forg,[368]
135,230339280000016543197837,Maarouf,Issam,73219.53,Actif,156,backend/app/data/sign_data\156,backend/app/data/sign_data\156_forg,[732]
136,230279690000016666654511,Salim,Lara,42915.72,Inactif,157,backend/app/data/sign_data\157,backend/app/data/sign_data\157_forg,"[217, 411]"
137,230928370000016790111236,Samir,Nezar,9079.9,Inactif,159,backend/app/data/sign_data\159,backend/app/data/sign_data\159_forg,[654]
138,230319080000016913567962,Bouzid,Kadhem,49441.95,Actif,161,backend/app/data/sign_data\161,backend/app/data/sign_data\161_forg,"[757, 29, 585]"
139,230774060000017037024685,Ouardi,Safira,13267.17,Inactif,162,backend/app/data/sign_data\162,backend/app/data/sign_data\162_forg,[920]
140,230363890000017160481376,Mekouar,Farouk,29428.69,Inactif,163,backend/app/data/sign_data\163,backend/app/data/sign_data\163_forg,[352]
141,230278650000017283938013,Fares,Abdelouarete,2387.39,Actif,164,backend/app/data/sign_data\164,backend/app/data/sign_data\164_forg,[444]
142,230808920000017407394741,Kaddouri,Akram,64351.25,Inactif,166,backend/app/data/sign_data\166,backend/app/data/sign_data\166_forg,"[212, 666, 335]"
143,230613010000017530851426,Hatim,Fahim,95059.57,Actif,167,backend/app/data/sign_data\167,backend/app/data/sign_data\167_forg,"[799, 835]"
144,230911720000017654308163,Benani,Aref,24732.05,Inactif,169,backend/app/data/sign_data\169,backend/app/data/sign_data\169_forg,[953]
145,230408190000017777764883,Mustapha,Rachad,21353.07,Inactif,170,backend/app/data/sign_data\170,backend/app/data/sign_data\170_forg,[96]
146,230598770000017901221566,Tahri,Yakout,67822.44,Inactif,171,backend/app/data/sign_data\171,backend/app/data/sign_data\171_forg,"[436, 151]"
147,230337230000018024678277,Zaki,Ijlal,72499.36,Inactif,172,backend/app/data/sign_data\172,backend/app/data/sign_data\172_forg,"[874, 785]"
148,230308100000018148134982,Anas,Abdelhamid,6842.68,Actif,173,backend/app/data/sign_data\173,backend/app/data/sign_data\173_forg,"[183, 211]"
149,230365720000018271591630,Hatim,Diae,73103.79,Actif,174,backend/app/data/sign_data\174,backend/app/data/sign_data\174_forg,"[227, 722]"
150,230691190000018395048391,Hassan,Soukaina,53735.16,Actif,175,backend/app/data/sign_data\175,backend/app/data/sign_data\175_forg,"[862, 266]"
151,230647590000018518505007,Nejjar,Nabaouia,50430.24,Inactif,176,backend/app/data/sign_data\176,backend/app/data/sign_data\176_forg,"[260, 891]"
152,230586180000018641961745,Aziz,Hinda,37797.34,Actif,177,backend/app/data/sign_data\177,backend/app/data/sign_data\177_forg,"[210, 882]"
153,230313630000018765418484,Hasnaoui,Kouider,96057.14,Inactif,178,backend/app/data/sign_data\178,backend/app/data/sign_data\178_forg,"[941, 746]"
154,230884120000018888875187,Kettani,Elghazouani,26794.22,Actif,179,backend/app/data/sign_data\179,backend/app/data/sign_data\179_forg,"[982, 238, 596]"
155,230772820000019012331862,Lachhab,Alia,78218.01,Inactif,180,backend/app/data/sign_data\180,backend/app/data/sign_data\180_forg,"[327, 139, 471]"
156,230144880000019135788527,Nassiri,Mahrez,54891.59,Inactif,181,backend/app/data/sign_data\181,backend/app/data/sign_data\181_forg,"[275, 575, 751, 310]"
157,230949900000019259245299,Moussaoui,Elbahia,65698.94,Actif,182,backend/app/data/sign_data\182,backend/app/data/sign_data\182_forg,[855]
158,230125560000019382701939,Bensaid,Abdelouahid,21264.97,Inactif,183,backend/app/data/sign_data\183,backend/app/data/sign_data\183_forg,[169]
159,230181110000019506158613,Soussi,Safia,93887.89,Actif,184,backend/app/data/sign_data\184,backend/app/data/sign_data\184_forg,"[9, 140]"
160,230221000000019629615341,Ait el,Chahrazad,84446.23,Inactif,185,backend/app/data/sign_data\185,backend/app/data/sign_data\185_forg,[107]
161,230106000000019753072012,Benani,Aizza,50884.34,Inactif,186,backend/app/data/sign_data\186,backend/app/data/sign_data\186_forg,[698]
162,230882350000019876528743,Hamdaoui,Aafrae,8078.76,Inactif,187,backend/app/data/sign_data\187,backend/app/data/sign_data\187_forg,"[224, 317, 838]"
163,230817670000019999985422,Anas,Hamid,89858.3,Actif,188,backend/app/data/sign_data\188,backend/app/data/sign_data\188_forg,[400]
164,230762320000020123442156,Fouad,Radi,29277.42,Actif,189,backend/app/data/sign_data\189,backend/app/data/sign_data\189_forg,"[773, 202]"
165,230882200000020246898847,Ouali,Bouazza,66443.43,Inactif,190,backend/app/data/sign_data\190,backend/app/data/sign_data\190_forg,[392]
166,230465090000020370355517,El alaoui,Jaber,76191.4,Actif,191,backend/app/data/sign_data\191,backend/app/data/sign_data\191_forg,[405]
167,230639840000020493812272,Saoud,Hada,99300.01,Actif,192,backend/app/data/sign_data\192,backend/app/data/sign_data\192_forg,"[815, 284]"
168,230162900000020617268929,Regragui,Rabeh,79300.82,Inactif,193,backend/app/data/sign_data\193,backend/app/data/sign_data\193_forg,"[915, 546]"
169,230313160000020740725638,Zouhair,Fariha,30505.48,Actif,194,backend/app/data/sign_data\194,backend/app/data/sign_data\194_forg,"[79, 736, 459]"
170,230581290000020864182335,Morchid,Jad,70488.69,Actif,195,backend/app/data/sign_data\195,backend/app/data/sign_data\195_forg,"[861, 60]"
171,230870360000020987639037,Fares,Chouaib,35148.94,Inactif,196,backend/app/data/sign_data\196,backend/app/data/sign_data\196_forg,"[570, 26]"
172,230234930000021111095798,Slaoui,Nadim,93197.78,Inactif,197,backend/app/data/sign_data\197,backend/app/data/sign_data\197_forg,[724]
173,230832080000021234552432,El mokhtar,Bachir,25654.92,Actif,198,backend/app/data/sign_data\198,backend/app/data/sign_data\198_forg,"[454, 531]"
174,230864150000021358009126,Berrada,Najib,54816.24,Inactif,199,backend/app/data/sign_data\199,backend/app/data/sign_data\199_forg,"[141, 544]"
175,230415450000021481465878,Moussaid,Thouriya,87184.5,Inactif,200,backend/app/data/sign_data\200,backend/app/data/sign_data\200_forg,[160]
176,230449220000021604922573,Alami,Bahia,17954.32,Actif,201,backend/app/data/sign_data\201,backend/app/data/sign_data\201_forg,"[534, 979]"
177,230594460000021728379270,Hamzaoui,Cherqi,70122.13,Inactif,202,backend/app/data/sign_data\202,backend/app/data/sign_data\202_forg,"[610, 127]"
178,230805090000021851835903,Chafik,Abdenbi,39489.97,Actif,203,backend/app/data/sign_data\203,backend/app/data/sign_data\203_forg,[408]
179,230928300000021975292631,Fadil,Rahima,46888.31,Actif,204,backend/app/data/sign_data\204,backend/app/data/sign_data\204_forg,"[965, 569]"
180,230120740000022098749351,Chaoui,Zahria,8361.55,Inactif,205,backend/app/data/sign_data\205,backend/app/data/sign_data\205_forg,"[37, 719, 147, 849, 924, 726]"
181,230590710000022222206048,Nait,Lobaba,11434.21,Inactif,206,backend/app/data/sign_data\206,backend/app/data/sign_data\206_forg,[93]
182,230864400000022345662788,Sabir,Ishaq,45481.17,Inactif,207,backend/app/data/sign_data\207,backend/app/data/sign_data\207_forg,"[432, 62]"
183,230174030000022469119419,Said,Jaouhar,65218.8,Inactif,208,backend/app/data/sign_data\208,backend/app/data/sign_data\208_forg,"[510, 198, 156]"
184,230825300000022592576115,Benali,Aliane,38951.14,Actif,209,backend/app/data/sign_data\209,backend/app/data/sign_data\209_forg,"[818, 584, 947]"
185,230237930000022716032824,Naciri,Taher,68969.25,Inactif,210,backend/app/data/sign_data\210,backend/app/data/sign_data\210_forg,"[362, 672]"
186,230819410000022839489525,El alami,Dina,12596.14,Inactif,211,backend/app/data/sign_data\211,backend/app/data/sign_data\211_forg,[125]
187,230966870000022962946256,El habib,Mayada,81773.81,Actif,212,backend/app/data/sign_data\212,backend/app/data/sign_data\212_forg,[847]
188,230876680000023086402918,Khadija,Wiam,8105.27,Inactif,213,backend/app/data/sign_data\213,backend/app/data/sign_data\213_forg,[594]
189,230515660000023209859647,Halim,Aida,47129.89,Actif,214,backend/app/data/sign_data\214,backend/app/data/sign_data\214_forg,"[68, 604]"
190,230199400000023333316342,Nadir,Thouriya,60650.54,Actif,215,backend/app/data/sign_data\215,backend/app/data/sign_data\215_forg,"[364, 154, 394]"
191,230588090000023456773049,Azizi,Chedad,75347.26,Actif,216,backend/app/data/sign_data\216,backend/app/data/sign_data\216_forg,"[100, 65]"
192,230940080000023580229715,Lamrani,Taoufik,55698.03,Actif,217,backend/app/data/sign_data\217,backend/app/data/sign_data\217_forg,[927]
193,230775410000023703686425,El idrissi,Maazouza,4650.38,Actif,218,backend/app/data/sign_data\218,backend/app/data/sign_data\218_forg,"[899, 814]"
194,230186470000023827143146,Hasnaoui,Maamar,88741.91,Actif,219,backend/app/data/sign_data\219,backend/app/data/sign_data\219_forg,[956]
195,230333800000023950599856,El asri,Taj Eddine,69879.62,Actif,220,backend/app/data/sign_data\220,backend/app/data/sign_data\220_forg,"[303, 566]"
196,230796270000024074056505,Benkirane,Hada,27576.68,Inactif,221,backend/app/data/sign_data\221,backend/app/data/sign_data\221_forg,"[293, 819]"
197,230676050000024197513231,El mostafa,Iad,3608.02,Inactif,222,backend/app/data/sign_data\222,backend/app/data/sign_data\222_forg,[458]
198,230138020000024320969926,El hachimi,Mnaouar,94305.85,Actif,223,backend/app/data/sign_data\223,backend/app/data/sign_data\223_forg,"[688, 633]"
199,230128050000024444426627,Zouhair,Azzelarab,28892.75,Inactif,224,backend/app/data/sign_data\224,backend/app/data/sign_data\224_forg,[344]
200,230376630000024567883353,Halim,Kamel,93567.03,Inactif,225,backend/app/data/sign_data\225,backend/app/data/sign_data\225_forg,"[518, 788]"
201,007768000000000000000004,Nadir,Houria,74406.28,Inactif,226,backend/app/data/sign_data\226,backend/app/data/sign_data\226_forg,[535]
202,007419700000000123456705,Simo,Fanida,21635.57,Actif,227,backend/app/data/sign_data\227,backend/app/data/sign_data\227_forg,[184]
203,007395580000000246913438,Zerhouni,Mennana,13787.52,Inactif,228,backend/app/data/sign_data\228,backend/app/data/sign_data\228_forg,"[49, 297]"
204,007549760000000370370111,Khaldi,Issa,8018.12,Inactif,229,backend/app/data/sign_data\229,backend/app/data/sign_data\229_forg,[23]
205,007872490000000493826836,Senhaji,Israe,24006.2,Actif,230,backend/app/data/sign_data\230,backend/app/data/sign_data\230_forg,"[934, 334]"
206,007439100000000617283533,Messaoudi,Nachita,91458.77,Inactif,231,backend/app/data/sign_data\231,backend/app/data/sign_data\231_forg,[80]
207,007749720000000740740233,Touil,R’Himou,14596.16,Inactif,232,backend/app/data/sign_data\232,backend/app/data/sign_data\232_forg,[254]
208,007467940000000864196983,Ziani,Abdessadek,42115.32,Inactif,233,backend/app/data/sign_data\233,backend/app/data/sign_data\233_forg,[46]
209,007795780000000987653631,Amrani,Soultane,39610.13,Actif,234,backend/app/data/sign_data\234,backend/app/data/sign_data\234_forg,"[150, 261]"
210,007912510000001111110399,Zahir,Azzeddine,82248.32,Actif,235,backend/app/data/sign_data\235,backend/app/data/sign_data\235_forg,"[886, 32, 399]"
211,007850220000001234567091,Alami,Houd,18578.67,Inactif,236,backend/app/data/sign_data\236,backend/app/data/sign_data\236_forg,"[144, 418, 608]"
212,007837610000001358023721,Bennani,Daidai,35771.87,Inactif,237,backend/app/data/sign_data\237,backend/app/data/sign_data\237_forg,"[509, 347, 959]"
213,007663030000001481480428,Hassani,Hibat Allah,55791.12,Inactif,238,backend/app/data/sign_data\238,backend/app/data/sign_data\238_forg,"[661, 99]"
214,007111490000001604937102,Jamal,Najem,78856.21,Inactif,239,backend/app/data/sign_data\239,backend/app/data/sign_data\239_forg,[35]
215,007541370000001728393883,Fahmi,Yaakoob,48636.8,Inactif,240,backend/app/data/sign_data\240,backend/app/data/sign_data\240_forg,"[860, 754]"
216,007591780000001851850571,Fadil,Elzahia,54441.36,Inactif,241,backend/app/data/sign_data\241,backend/app/data/sign_data\241_forg,[267]
217,007309710000001975307266,Fathi,Rania,29634.65,Inactif,242,backend/app/data/sign_data\242,backend/app/data/sign_data\242_forg,[115]
218,007797010000002098763984,El abbassi,Boutaina,76092.42,Inactif,243,backend/app/data/sign_data\243,backend/app/data/sign_data\243_forg,[561]
219,007972810000002222220661,Chadli,Keltoum,97990.48,Actif,244,backend/app/data/sign_data\244,backend/app/data/sign_data\244_forg,"[461, 775]"
220,007990890000002345677337,Salah,Rostom,99716.81,Inactif,245,backend/app/data/sign_data\245,backend/app/data/sign_data\245_forg,"[256, 694]"
221,007213860000002469134034,Aziz,Khalfia,74136.77,Inactif,246,backend/app/data/sign_data\246,backend/app/data/sign_data\246_forg,[526]
222,007724510000002592590745,Idrissi,Saadoune,3598.59,Inactif,247,backend/app/data/sign_data\247,backend/app/data/sign_data\247_forg,"[825, 696]"
223,007846150000002716047447,Habib,Rahim,2904.86,Actif,248,backend/app/data/sign_data\248,backend/app/data/sign_data\248_forg,[287]
224,007567590000002839504171,Sadki,Abdessalam,60093.91,Actif,249,backend/app/data/sign_data\249,backend/app/data/sign_data\249_forg,[659]
225,007298230000002962960886,Tahiri,Nassim,61221.4,Inactif,250,backend/app/data/sign_data\250,backend/app/data/sign_data\250_forg,[643]
226,007409740000003086417511,Azzouzi,Chadia,64708.78,Actif,251,backend/app/data/sign_data\251,backend/app/data/sign_data\251_forg,[479]
227,007907830000003209874262,Dahbi,Labiba,28529.11,Actif,252,backend/app/data/sign_data\252,backend/app/data/sign_data\252_forg,"[119, 961]"
228,007303470000003333330928,Taha,Elmadani,68588.63,Inactif,253,backend/app/data/sign_data\253,backend/app/data/sign_data\253_forg,"[632, 391]"
229,007872880000003456787691,Rafik,Abdelmouhaimin,7864.14,Actif,254,backend/app/data/sign_data\254,backend/app/data/sign_data\254_forg,[499]
230,007994610000003580244307,Filali,Sabri,94878.92,Actif,255,backend/app/data/sign_data\255,backend/app/data/sign_data\255_forg,[376]
231,007949510000003703701072,Amzil,Adrae,57228.11,Actif,256,backend/app/data/sign_data\256,backend/app/data/sign_data\256_forg,[67]
232,007271100000003827157718,Dahmani,Omria,81308.51,Inactif,257,backend/app/data/sign_data\257,backend/app/data/sign_data\257_forg,[786]
233,007977750000003950614413,El azzouzi,Zine Eddine,82044.31,Actif,258,backend/app/data/sign_data\258,backend/app/data/sign_data\258_forg,[922]
234,007597430000004074071121,Sadiki,Adam,32441.81,Actif,259,backend/app/data/sign_data\259,backend/app/data/sign_data\259_forg,[425]
235,007996520000004197527893,Hassani,Kais,81623.25,Actif,260,backend/app/data/sign_data\260,backend/app/data/sign_data\260_forg,"[530, 178]"
236,007508550000004320984523,Bahi,Hourma,47042.2,Actif,261,backend/app/data/sign_data\261,backend/app/data/sign_data\261_forg,[146]
237,007184530000004444441212,El asri,Elhachemi,89216.19,Actif,262,backend/app/data/sign_data\262,backend/app/data/sign_data\262_forg,"[589, 663, 684]"
238,007994580000004567897971,Kettani,Soulaimane,13639.75,Actif,263,backend/app/data/sign_data\263,backend/app/data/sign_data\263_forg,[131]
239,007525140000004691354675,Fassi,Badda,57442.91,Actif,264,backend/app/data/sign_data\264,backend/app/data/sign_data\264_forg,[167]
240,007717940000004814811323,Rahali,Hafid,39976.46,Inactif,265,backend/app/data/sign_data\265,backend/app/data/sign_data\265_forg,[762]
241,007851920000004938268087,Chaoui,Ayich,61934.55,Actif,266,backend/app/data/sign_data\266,backend/app/data/sign_data\266_forg,[919]
242,007639010000005061724718,Dahbi,Cherqi,20105.6,Actif,267,backend/app/data/sign_data\267,backend/app/data/sign_data\267_forg,"[445, 421, 730, 864]"
243,007765420000005185181438,Amraoui,Fathi,77174.53,Inactif,268,backend/app/data/sign_data\268,backend/app/data/sign_data\268_forg,[642]
244,007767130000005308638173,Moumni,Nabil,9654.92,Inactif,269,backend/app/data/sign_data\269,backend/app/data/sign_data\269_forg,"[135, 813]"
245,007515560000005432094807,Chakir,Fatima Zohra,3179.83,Actif,270,backend/app/data/sign_data\270,backend/app/data/sign_data\270_forg,[437]
246,007719950000005555551561,El mehdi,Rahma,97790.21,Actif,271,backend/app/data/sign_data\271,backend/app/data/sign_data\271_forg,"[776, 120]"
247,007898840000005679008261,Khalid,Abdelhamid,61710.18,Actif,272,backend/app/data/sign_data\272,backend/app/data/sign_data\272_forg,[565]
248,007820840000005802464960,Yassine,Malika,78408.92,Actif,273,backend/app/data/sign_data\273,backend/app/data/sign_data\273_forg,"[828, 682]"
249,007741720000005925921645,Anas,Abdessadek,35761.91,Actif,274,backend/app/data/sign_data\274,backend/app/data/sign_data\274_forg,[259]
250,007323400000006049378377,Chadli,Bardis,29301.68,Inactif,275,backend/app/data/sign_data\275,backend/app/data/sign_data\275_forg,[286]
251,007706250000006172835053,Kabbaj,Touiba,94026.74,Inactif,276,backend/app/data/sign_data\276,backend/app/data/sign_data\276_forg,"[44, 711]"
252,007583850000006296291789,El kadiri,Bachir,15036.5,Inactif,277,backend/app/data/sign_data\277,backend/app/data/sign_data\277_forg,"[700, 783]"
253,007722670000006419748459,El mansouri,Abdelaati,11960.33,Inactif,278,backend/app/data/sign_data\278,backend/app/data/sign_data\278_forg,[177]
254,007387290000006543205166,Naciri,Choukri,10144.11,Inactif,279,backend/app/data/sign_data\279,backend/app/data/sign_data\279_forg,[189]
255,007533370000006666661858,Elamrani,Kassem,68999.15,Inactif,280,backend/app/data/sign_data\280,backend/app/data/sign_data\280_forg,"[208, 784]"
256,007357810000006790118520,Ameziane,Bouchtaouia,85788.04,Actif,281,backend/app/data/sign_data\281,backend/app/data/sign_data\281_forg,"[39, 463]"
257,007294040000006913575256,Mourad,Nour Eddine,55596.56,Inactif,282,backend/app/data/sign_data\282,backend/app/data/sign_data\282_forg,"[629, 571]"
258,007276380000007037031935,Jabrane,Abdelmouhaimin,45263.91,Actif,283,backend/app/data/sign_data\283,backend/app/data/sign_data\283_forg,[234]
259,007474690000007160488615,Rachidi,Najah,42884.29,Actif,284,backend/app/data/sign_data\284,backend/app/data/sign_data\284_forg,[691]
260,007322150000007283945358,Hayat,Mabrouk,2412.54,Actif,286,backend/app/data/sign_data\286,backend/app/data/sign_data\286_forg,"[537, 482]"
261,007710110000007407402016,Elidrissi,Rahmoun,32457.22,Inactif,287,backend/app/data/sign_data\287,backend/app/data/sign_data\287_forg,"[255, 599, 830]"
262,007117410000007530858702,El idrissi,Masen,23531.73,Inactif,288,backend/app/data/sign_data\288,backend/app/data/sign_data\288_forg,[720]
263,007360410000007654315418,Bouali,Badda,57347.26,Inactif,289,backend/app/data/sign_data\289,backend/app/data/sign_data\289_forg,"[219, 662]"
264,007279430000007777772187,Kaddouri,Zineb,26391.28,Inactif,290,backend/app/data/sign_data\290,backend/app/data/sign_data\290_forg,"[370, 646]"
265,007415010000007901228861,Fadil,Chahed,8776.95,Inactif,291,backend/app/data/sign_data\291,backend/app/data/sign_data\291_forg,[136]
266,007116900000008024685527,Drissi,Rahiba,21955.83,Actif,292,backend/app/data/sign_data\292,backend/app/data/sign_data\292_forg,[450]
267,007189330000008148142293,Yassine,Radia,85261.64,Actif,293,backend/app/data/sign_data\293,backend/app/data/sign_data\293_forg,"[809, 226]"
268,007841920000008271598963,Moumni,Fatna,82275.1,Actif,294,backend/app/data/sign_data\294,backend/app/data/sign_data\294_forg,[490]
269,007782070000008395055643,Alaoui,Laith,87079.16,Inactif,295,backend/app/data/sign_data\295,backend/app/data/sign_data\295_forg,"[917, 464, 586]"
270,007221320000008518512345,Boukhari,Belkas,54129.56,Inactif,296,backend/app/data/sign_data\296,backend/app/data/sign_data\296_forg,"[330, 660]"
271,007633960000008641969006,El azzouzi,Kheira,25919.66,Actif,297,backend/app/data/sign_data\297,backend/app/data/sign_data\297_forg,"[117, 595]"
272,007804040000008765425718,El hilali,Ahlam,84621.64,Actif,298,backend/app/data/sign_data\298,backend/app/data/sign_data\298_forg,[704]
273,007512930000008888882480,Maarouf,Majda,34174.41,Actif,299,backend/app/data/sign_data\299,backend/app/data/sign_data\299_forg,[764]
274,007315600000009012339164,Abdel,Rhassane,36561.24,Actif,300,backend/app/data/sign_data\300,backend/app/data/sign_data\300_forg,"[685, 755]"
275,007288120000009135795805,Belghiti,Elkebir,21783.74,Actif,301,backend/app/data/sign_data\301,backend/app/data/sign_data\301_forg,"[511, 521]"
276,007842850000009259252503,Mokhtari,Marouane,21166.19,Inactif,302,backend/app/data/sign_data\302,backend/app/data/sign_data\302_forg,[609]
277,007711150000009382709272,Samir,Zine,80931.01,Actif,303,backend/app/data/sign_data\303,backend/app/data/sign_data\303_forg,[737]
278,007445540000009506165994,Hatim,Abdelali,48444.62,Inactif,304,backend/app/data/sign_data\304,backend/app/data/sign_data\304_forg,"[620, 735]"
279,007704830000009629622603,Salim,Jalal,64371.77,Inactif,305,backend/app/data/sign_data\305,backend/app/data/sign_data\305_forg,[677]
280,007841430000009753079330,Hafid,Jouda,98057.93,Inactif,306,backend/app/data/sign_data\306,backend/app/data/sign_data\306_forg,[702]
281,007973700000009876536064,Fadil,Hadil,78174.41,Actif,307,backend/app/data/sign_data\307,backend/app/data/sign_data\307_forg,[645]
282,007926530000009999992735,Madani,Abdelhadi,82785.81,Actif,308,backend/app/data/sign_data\308,backend/app/data/sign_data\308_forg,[988]
283,007860930000010123449458,Loukili,Kawakib,91593.79,Actif,309,backend/app/data/sign_data\309,backend/app/data/sign_data\309_forg,[57]
284,007164430000010246906142,Slaoui,Kabira,79530.26,Inactif,310,backend/app/data/sign_data\310,backend/app/data/sign_data\310_forg,"[621, 243]"
285,007461350000010370362846,Taleb,Abdelmoughit,2001.39,Inactif,311,backend/app/data/sign_data\311,backend/app/data/sign_data\311_forg,"[954, 12]"
286,007117170000010493819545,Lachhab,Oualim,75493.4,Inactif,312,backend/app/data/sign_data\312,backend/app/data/sign_data\312_forg,"[143, 285]"
287,007650530000010617276227,Salim,Eddaoui,9782.87,Actif,313,backend/app/data/sign_data\313,backend/app/data/sign_data\313_forg,[692]
288,007179440000010740732923,Hassani,Ghita,44807.12,Actif,314,backend/app/data/sign_data\314,backend/app/data/sign_data\314_forg,[500]
289,007104300000010864189609,Bennis,Nadir,65048.42,Actif,315,backend/app/data/sign_data\315,backend/app/data/sign_data\315_forg,[885]
290,007439560000010987646309,Salhi,Mahboub,93152.53,Actif,316,backend/app/data/sign_data\316,backend/app/data/sign_data\316_forg,"[900, 524]"
291,007902720000011111103034,Talbi,Firdaous,64927.47,Inactif,317,backend/app/data/sign_data\317,backend/app/data/sign_data\317_forg,"[393, 398]"
292,007198180000011234559742,Achraf,Arifa,5464.27,Inactif,318,backend/app/data/sign_data\318,backend/app/data/sign_data\318_forg,[404]
293,007105830000011358016456,Morchid,Taoufika,236.76,Actif,319,backend/app/data/sign_data\319,backend/app/data/sign_data\319_forg,[319]
294,007221590000011481473191,El alami,Souhaib,76943.42,Actif,320,backend/app/data/sign_data\320,backend/app/data/sign_data\320_forg,[851]
295,007539140000011604929834,Kadiri,Imran,61789.14,Actif,321,backend/app/data/sign_data\321,backend/app/data/sign_data\321_forg,[650]
296,007672830000011728386525,Alaoui,Daidai,13926.27,Actif,322,backend/app/data/sign_data\322,backend/app/data/sign_data\322_forg,"[422, 957]"
297,007974100000011851843219,El omari,Amer,32931.37,Inactif,323,backend/app/data/sign_data\323,backend/app/data/sign_data\323_forg,[536]
298,007870260000011975299998,El hassan,Mouada,25849.66,Inactif,324,backend/app/data/sign_data\324,backend/app/data/sign_data\324_forg,"[866, 337]"
299,007171690000012098756680,Abdou,Loubna,2707.88,Inactif,327,backend/app/data/sign_data\327,backend/app/data/sign_data\327_forg,[942]
300,007935900000012222213372,Ayoub,Eddaoui,54469.66,Inactif,328,backend/app/data/sign_data\328,backend/app/data/sign_data\328_forg,[123]
301,007112230000012345670099,Elalaoui,Maounia,77000.33,Actif,329,backend/app/data/sign_data\329,backend/app/data/sign_data\329_forg,[623]
302,007385430000012469126789,Toumi,Khair Eddine,19258.95,Actif,330,backend/app/data/sign_data\330,backend/app/data/sign_data\330_forg,[794]
303,007863470000012592583489,Adnane,Widad,33598.31,Inactif,331,backend/app/data/sign_data\331,backend/app/data/sign_data\331_forg,[429]
304,007983920000012716040112,Hamdani,Fettah,90618.06,Actif,332,backend/app/data/sign_data\332,backend/app/data/sign_data\332_forg,[315]
305,007251130000012839496848,Semlali,Hourma,57151.44,Inactif,333,backend/app/data/sign_data\333,backend/app/data/sign_data\333_forg,"[66, 859]"
306,007806070000012962953531,Mourad,Fadel,43388.26,Actif,334,backend/app/data/sign_data\334,backend/app/data/sign_data\334_forg,[950]
307,007275270000013086410289,Mustapha,Arbi,75185.55,Actif,335,backend/app/data/sign_data\335,backend/app/data/sign_data\335_forg,"[104, 103]"
308,007934820000013209866936,Khadija,Yassira,22221.95,Inactif,336,backend/app/data/sign_data\336,backend/app/data/sign_data\336_forg,"[95, 503]"
309,007770740000013333323636,Farid,Hannou,61886.18,Actif,337,backend/app/data/sign_data\337,backend/app/data/sign_data\337_forg,[733]
310,007822700000013456780394,Sebti,Jabrane,24850.72,Actif,338,backend/app/data/sign_data\338,backend/app/data/sign_data\338_forg,"[513, 958, 686]"
311,007816360000013580237014,Ismail,Khaddouj,36645.1,Inactif,339,backend/app/data/sign_data\339,backend/app/data/sign_data\339_forg,[800]
312,007442690000013703693713,El idrissi,Yakout,81179.21,Actif,340,backend/app/data/sign_data\340,backend/app/data/sign_data\340_forg,[280]
313,007679630000013827150411,El bakkali,Daoud,72897.04,Inactif,341,backend/app/data/sign_data\341,backend/app/data/sign_data\341_forg,[687]
314,007460020000013950607163,Bouayad,Loujain,8384.84,Inactif,342,backend/app/data/sign_data\342,backend/app/data/sign_data\342_forg,[172]
315,007583920000014074063866,Meziane,Horma,4082.54,Actif,343,backend/app/data/sign_data\343,backend/app/data/sign_data\343_forg,"[249, 801]"
316,007882560000014197520520,Mimouni,Abdelkamel,62575.82,Inactif,344,backend/app/data/sign_data\344,backend/app/data/sign_data\344_forg,[194]
317,007411950000014320977278,Kamal,Darous,48487.3,Actif,345,backend/app/data/sign_data\345,backend/app/data/sign_data\345_forg,[782]
318,007844350000014444433929,Moussaid,Khales,51512.61,Inactif,346,backend/app/data/sign_data\346,backend/app/data/sign_data\346_forg,"[996, 907]"
319,007307080000014567890679,Haddad,Hind,98112.03,Inactif,347,backend/app/data/sign_data\347,backend/app/data/sign_data\347_forg,[423]
320,007201240000014691347363,Badri,Abdelbasset,92909.82,Actif,348,backend/app/data/sign_data\348,backend/app/data/sign_data\348_forg,"[101, 495]"
321,007958000000014814804031,Mabrouk,Morjana,41759.1,Inactif,349,backend/app/data/sign_data\349,backend/app/data/sign_data\349_forg,[55]
322,007706600000014938260738,El mehdi,Nasria,24897.95,Actif,350,backend/app/data/sign_data\350,backend/app/data/sign_data\350_forg,[43]
323,007537660000015061717436,Chahid,Soumia,93904.39,Actif,351,backend/app/data/sign_data\351,backend/app/data/sign_data\351_forg,[542]
324,007509870000015185174181,Mabrouk,Elazzouzia,50284.64,Actif,352,backend/app/data/sign_data\352,backend/app/data/sign_data\352_forg,"[557, 64, 529, 729, 940]"
325,007969880000015308630899,Ismaili,Allal,39879.5,Inactif,353,backend/app/data/sign_data\353,backend/app/data/sign_data\353_forg,[583]
326,007701150000015432087555,El ouardi,Maounia,10000.52,Actif,354,backend/app/data/sign_data\354,backend/app/data/sign_data\354_forg,[817]
327,007766540000015555544295,El houssine,Abdeljabbar,51705.91,Actif,355,backend/app/data/sign_data\355,backend/app/data/sign_data\355_forg,"[833, 61]"
328,007676330000015679000977,Sadki,Chouhaiba,68504.93,Inactif,356,backend/app/data/sign_data\356,backend/app/data/sign_data\356_forg,[670]
329,007619040000015802457689,Hamidi,Safoua,42858.22,Actif,357,backend/app/data/sign_data\357,backend/app/data/sign_data\357_forg,[406]
330,007281670000015925914399,Jalal,Adil,12318.37,Inactif,358,backend/app/data/sign_data\358,backend/app/data/sign_data\358_forg,[403]
331,007699710000016049371038,Farid,Marjane,41974.04,Inactif,359,backend/app/data/sign_data\359,backend/app/data/sign_data\359_forg,[431]
332,007334120000016172827765,El hassan,Kawkab,70306.48,Actif,360,backend/app/data/sign_data\360,backend/app/data/sign_data\360_forg,"[75, 108]"
333,007880570000016296284462,Mekouar,Bouselham,76153.26,Actif,361,backend/app/data/sign_data\361,backend/app/data/sign_data\361_forg,"[20, 21]"
334,007212000000016419741112,Hamdani,Kadem,23241.82,Actif,362,backend/app/data/sign_data\362,backend/app/data/sign_data\362_forg,"[951, 653]"
335,007955350000016543197870,Hafid,Samira,92213.83,Inactif,363,backend/app/data/sign_data\363,backend/app/data/sign_data\363_forg,"[974, 214]"
336,007546310000016666654566,Lachhab,Talal,31119.25,Actif,364,backend/app/data/sign_data\364,backend/app/data/sign_data\364_forg,"[528, 706]"
337,007884940000016790111227,Fadili,Lina,11381.99,Actif,365,backend/app/data/sign_data\365,backend/app/data/sign_data\365_forg,"[339, 502, 94, 966]"
338,007902900000016913567975,Mimouni,Salah Eddine,4570.92,Actif,366,backend/app/data/sign_data\366,backend/app/data/sign_data\366_forg,"[767, 740]"
339,007245500000017037024630,Kettani,Yamna,97130.27,Inactif,367,backend/app/data/sign_data\367,backend/app/data/sign_data\367_forg,[857]
340,007971410000017160481353,Atif,Issam,58910.42,Inactif,368,backend/app/data/sign_data\368,backend/app/data/sign_data\368_forg,[138]
341,007676690000017283938026,El mansouri,Abdellatif,36172.25,Inactif,369,backend/app/data/sign_data\369,backend/app/data/sign_data\369_forg,[987]
342,007977820000017407394751,Ahmed,Elkhadioui,90350.61,Actif,370,backend/app/data/sign_data\370,backend/app/data/sign_data\370_forg,[616]
343,007368350000017530851482,El ouardi,Ouardia,88832.63,Inactif,371,backend/app/data/sign_data\371,backend/app/data/sign_data\371_forg,[301]
344,007939180000017654308125,Amri,Yetou,67186.55,Actif,372,backend/app/data/sign_data\372,backend/app/data/sign_data\372_forg,[925]
345,007236120000017777764846,Sadiki,Thami,74507.56,Inactif,373,backend/app/data/sign_data\373,backend/app/data/sign_data\373_forg,"[796, 350]"
346,007142530000017901221508,Abdel,Karam,22015.8,Actif,374,backend/app/data/sign_data\374,backend/app/data/sign_data\374_forg,"[389, 230]"
347,007500630000018024678267,El idrissi,Maouahib,42143.13,Actif,375,backend/app/data/sign_data\375,backend/app/data/sign_data\375_forg,[871]
348,007809870000018148134941,Belhaj,Sallam,24656.09,Inactif,376,backend/app/data/sign_data\376,backend/app/data/sign_data\376_forg,[981]
349,007838430000018271591632,El houssine,Oum Elhine,92774.82,Actif,377,backend/app/data/sign_data\377,backend/app/data/sign_data\377_forg,"[58, 477, 806]"
350,007197310000018395048334,Nait,Khattou,86237.65,Actif,378,backend/app/data/sign_data\378,backend/app/data/sign_data\378_forg,[102]
351,007199550000018518505094,Marouane,Hamou,7198.38,Actif,379,backend/app/data/sign_data\379,backend/app/data/sign_data\379_forg,[705]
352,007937570000018641961707,El mustapha,Taher,63701.94,Actif,380,backend/app/data/sign_data\380,backend/app/data/sign_data\380_forg,[56]
353,007265660000018765418485,Boukhari,Radoua,67412.83,Actif,381,backend/app/data/sign_data\381,backend/app/data/sign_data\381_forg,"[910, 153]"
354,007350860000018888875123,Dahbi,Hachmia,20941.0,Actif,382,backend/app/data/sign_data\382,backend/app/data/sign_data\382_forg,"[242, 121, 442]"
355,007477060000019012331866,Adnane,Fatima,2351.92,Inactif,383,backend/app/data/sign_data\383,backend/app/data/sign_data\383_forg,"[999, 771]"
356,007762800000019135788584,Lahlou,Bachira,17942.25,Inactif,384,backend/app/data/sign_data\384,backend/app/data/sign_data\384_forg,[134]
357,007510860000019259245255,Charif,Fouzia,48262.85,Actif,385,backend/app/data/sign_data\385,backend/app/data/sign_data\385_forg,[709]
358,007590610000019382701977,Sadki,Reyad,98494.39,Actif,386,backend/app/data/sign_data\386,backend/app/data/sign_data\386_forg,"[179, 333, 532, 994]"
359,007414790000019506158654,Lakhal,Nasira,13844.6,Actif,387,backend/app/data/sign_data\387,backend/app/data/sign_data\387_forg,"[145, 263]"
360,007194370000019629615396,Mohammed,Hind,39846.64,Inactif,388,backend/app/data/sign_data\388,backend/app/data/sign_data\388_forg,"[480, 346]"
361,007393130000019753072085,Nour,Abdelkamel,83946.5,Actif,389,backend/app/data/sign_data\389,backend/app/data/sign_data\389_forg,[187]
362,007375230000019876528726,Rahali,Chafia,5067.28,Inactif,390,backend/app/data/sign_data\390,backend/app/data/sign_data\390_forg,"[237, 612]"
363,007280840000019999985441,Mustapha,Abdeljaouad,34349.36,Inactif,391,backend/app/data/sign_data\391,backend/app/data/sign_data\391_forg,[354]
364,007108150000020123442130,Lachgar,Ahlam,99526.05,Actif,392,backend/app/data/sign_data\392,backend/app/data/sign_data\392_forg,[465]
365,007435610000020246898820,Slaoui,Elkhamar,59524.37,Actif,393,backend/app/data/sign_data\393,backend/app/data/sign_data\393_forg,"[539, 316]"
366,007216140000020370355545,Hayat,Manar,59675.22,Actif,394,backend/app/data/sign_data\394,backend/app/data/sign_data\394_forg,"[158, 420]"
367,007595990000020493812262,El mustapha,Hakim,11411.14,Actif,395,backend/app/data/sign_data\395,backend/app/data/sign_data\395_forg,[523]
368,007541140000020617268946,Ibrahimi,Rafie,97177.02,Inactif,396,backend/app/data/sign_data\396,backend/app/data/sign_data\396_forg,[72]
369,007891820000020740725695,Moumni,Naouar,75784.91,Inactif,397,backend/app/data/sign_data\397,backend/app/data/sign_data\397_forg,"[911, 867, 743]"
370,007491790000020864182393,Kasmi,Najah,83405.15,Inactif,398,backend/app/data/sign_data\398,backend/app/data/sign_data\398_forg,[781]
371,007283750000020987639076,Daoudi,Hamdane,22985.24,Inactif,399,backend/app/data/sign_data\399,backend/app/data/sign_data\399_forg,[345]
372,007148080000021111095781,El mansouri,Okba,56754.76,Inactif,400,backend/app/data/sign_data\400,backend/app/data/sign_data\400_forg,[832]
373,007931910000021234552424,Benkirane,Oum Elghait,95040.34,Inactif,401,backend/app/data/sign_data\401,backend/app/data/sign_data\401_forg,[844]
374,007570850000021358009135,Lakhdar,Atiq,2821.6,Inactif,402,backend/app/data/sign_data\402,backend/app/data/sign_data\402_forg,"[756, 883]"
375,007563000000021481465875,Saber,Gharae,50693.32,Actif,403,backend/app/data/sign_data\403,backend/app/data/sign_data\403_forg,"[842, 456]"
376,007361300000021604922586,Ouali,Ghazal,61840.85,Actif,404,backend/app/data/sign_data\404,backend/app/data/sign_data\404_forg,"[348, 264]"
377,007700010000021728379210,Chakir,Rayan,90166.57,Actif,405,backend/app/data/sign_data\405,backend/app/data/sign_data\405_forg,"[504, 228]"
378,007970530000021851835901,Radi,R’Himou,5849.78,Inactif,406,backend/app/data/sign_data\406,backend/app/data/sign_data\406_forg,"[573, 676, 807, 976]"
379,007618750000021975292656,Daoudi,Ihssan,92580.76,Actif,407,backend/app/data/sign_data\407,backend/app/data/sign_data\407_forg,[455]
380,007262340000022098749373,El hassan,Fahima,9035.21,Actif,408,backend/app/data/sign_data\408,backend/app/data/sign_data\408_forg,"[164, 522, 734]"
381,007927120000022222206061,Maarouf,Fathia,32617.02,Inactif,409,backend/app/data/sign_data\409,backend/app/data/sign_data\409_forg,"[113, 81]"
382,007198040000022345662729,Zouhair,Maarouf,25992.97,Actif,410,backend/app/data/sign_data\410,backend/app/data/sign_data\410_forg,"[541, 475]"
383,007610560000022469119439,Bouzidi,Ouardia,94196.13,Actif,411,backend/app/data/sign_data\411,backend/app/data/sign_data\411_forg,"[618, 636]"
384,007217250000022592576106,Ramzi,Arwa,54321.23,Inactif,412,backend/app/data/sign_data\412,backend/app/data/sign_data\412_forg,"[295, 805]"
385,007946910000022716032800,Sabir,Jamae,86301.33,Inactif,413,backend/app/data/sign_data\413,backend/app/data/sign_data\413_forg,"[257, 578]"
386,007649800000022839489589,Naji,Eddaoui,46432.33,Inactif,414,backend/app/data/sign_data\414,backend/app/data/sign_data\414_forg,"[1, 166]"
387,007588900000022962946239,Khattabi,Houda,90596.09,Actif,415,backend/app/data/sign_data\415,backend/app/data/sign_data\415_forg,[296]
388,007796600000023086402942,Hamidi,Hibat Allah,21717.71,Inactif,416,backend/app/data/sign_data\416,backend/app/data/sign_data\416_forg,"[770, 462]"
389,007555060000023209859661,Hachimi,M’Birika,81078.51,Inactif,417,backend/app/data/sign_data\417,backend/app/data/sign_data\417_forg,"[98, 865]"
390,007522400000023333316327,Saadi,Rim,36683.63,Actif,418,backend/app/data/sign_data\418,backend/app/data/sign_data\418_forg,[970]
391,007456950000023456773044,Chraibi,Abdessamie,10964.17,Inactif,419,backend/app/data/sign_data\419,backend/app/data/sign_data\419_forg,"[640, 484]"
392,007788200000023580229731,Mourad,Atouch,31357.17,Actif,420,backend/app/data/sign_data\420,backend/app/data/sign_data\420_forg,"[283, 641]"
393,007394470000023703686491,Hamzaoui,Zakia,6204.25,Inactif,421,backend/app/data/sign_data\421,backend/app/data/sign_data\421_forg,"[232, 992]"
394,007137290000023827143155,Azizi,Talal,19321.33,Inactif,422,backend/app/data/sign_data\422,backend/app/data/sign_data\422_forg,[251]
395,007535020000023950599890,Bakkali,Lotfi,14133.98,Actif,423,backend/app/data/sign_data\423,backend/app/data/sign_data\423_forg,[721]
396,007125440000024074056543,Cherif,Zannouba,83423.84,Actif,424,backend/app/data/sign_data\424,backend/app/data/sign_data\424_forg,"[19, 307]"
397,007822990000024197513241,Khalil,Fail,29345.65,Inactif,425,backend/app/data/sign_data\425,backend/app/data/sign_data\425_forg,"[91, 627]"
398,007888250000024320969993,Azzouzi,Bouthaina,73197.27,Inactif,426,backend/app/data/sign_data\426,backend/app/data/sign_data\426_forg,[975]
399,007576400000024444426680,Choukri,Mandil,29269.36,Inactif,427,backend/app/data/sign_data\427,backend/app/data/sign_data\427_forg,[336]
400,007507560000024567883341,Rida,Khnata,57436.63,Inactif,428,backend/app/data/sign_data\428,backend/app/data/sign_data\428_forg,"[126, 435]"
401,145379090000000000000013,Madani,Jaydae,11322.29,Actif,429,backend/app/data/sign_data\429,backend/app/data/sign_data\429_forg,[896]
402,145422640000000123456736,Tarik,Moataz,37280.43,Inactif,430,backend/app/data/sign_data\430,backend/app/data/sign_data\430_forg,[175]
403,145260640000000246913440,Taibi,Zouhir,45944.13,Inactif,431,backend/app/data/sign_data\431,backend/app/data/sign_data\431_forg,"[553, 191]"
404,145971640000000370370103,Sekkat,Abderaouf,93365.28,Inactif,432,backend/app/data/sign_data\432,backend/app/data/sign_data\432_forg,"[897, 918]"
405,145647590000000493826822,Zaki,Azzam,64993.04,Actif,433,backend/app/data/sign_data\433,backend/app/data/sign_data\433_forg,[395]
406,145211130000000617283528,Ameziane,Hamidan,20772.06,Actif,434,backend/app/data/sign_data\434,backend/app/data/sign_data\434_forg,[738]
407,145508720000000740740222,Mabrouk,Afnane,89492.77,Inactif,435,backend/app/data/sign_data\435,backend/app/data/sign_data\435_forg,[74]
408,145852920000000864196979,Salhi,Bouchaib,7679.75,Actif,436,backend/app/data/sign_data\436,backend/app/data/sign_data\436_forg,[200]
409,145927370000000987653622,Rida,Khadija,99771.53,Inactif,437,backend/app/data/sign_data\437,backend/app/data/sign_data\437_forg,"[795, 41]"
410,145882560000001111110305,Kharbouch,Nahla,85247.49,Actif,438,backend/app/data/sign_data\438,backend/app/data/sign_data\438_forg,"[512, 329, 466]"
411,145427480000001234567047,Nour,Diae,4684.81,Actif,439,backend/app/data/sign_data\439,backend/app/data/sign_data\439_forg,"[556, 52]"
412,145588370000001358023785,Fares,Rabie,83199.36,Inactif,440,backend/app/data/sign_data\440,backend/app/data/sign_data\440_forg,"[858, 90, 884]"
413,145962300000001481480412,El amrani,Tachfine,6939.03,Actif,441,backend/app/data/sign_data\441,backend/app/data/sign_data\441_forg,[476]
414,145966440000001604937163,Abid,Abdelkouddous,83974.49,Inactif,442,backend/app/data/sign_data\442,backend/app/data/sign_data\442_forg,[665]
415,145603330000001728393813,Tazi,Hamouda,56828.3,Actif,443,backend/app/data/sign_data\443,backend/app/data/sign_data\443_forg,"[304, 870]"
416,145530050000001851850504,Youssef,Jaouahir,26295.28,Actif,444,backend/app/data/sign_data\444,backend/app/data/sign_data\444_forg,[487]
417,145873940000001975307260,Mimouni,Hafs,20325.54,Inactif,445,backend/app/data/sign_data\445,backend/app/data/sign_data\445_forg,"[779, 797]"
418,145552740000002098763985,Moumen,Chafai,55278.07,Inactif,446,backend/app/data/sign_data\446,backend/app/data/sign_data\446_forg,[273]
419,145882570000002222220630,El mostafa,Irfane,68312.64,Inactif,447,backend/app/data/sign_data\447,backend/app/data/sign_data\447_forg,[328]
420,145111310000002345677317,Sadiki,Awicha,90700.42,Actif,448,backend/app/data/sign_data\448,backend/app/data/sign_data\448_forg,[763]
421,145542850000002469134034,Rahali,Fikria,58209.08,Actif,449,backend/app/data/sign_data\449,backend/app/data/sign_data\449_forg,[204]
422,145725160000002592590781,Erraji,Zahra,863.41,Actif,450,backend/app/data/sign_data\450,backend/app/data/sign_data\450_forg,"[424, 903]"
423,145100220000002716047410,Saidi,Amrane,58996.02,Inactif,451,backend/app/data/sign_data\451,backend/app/data/sign_data\451_forg,"[752, 893]"
424,145510850000002839504198,El alami,Yahya,8258.51,Actif,452,backend/app/data/sign_data\452,backend/app/data/sign_data\452_forg,[33]
425,145174240000002962960811,Hanafi,Atiq,52591.04,Inactif,453,backend/app/data/sign_data\453,backend/app/data/sign_data\453_forg,[76]
426,145402100000003086417523,Abdellaoui,Dounia,33533.3,Actif,454,backend/app/data/sign_data\454,backend/app/data/sign_data\454_forg,"[631, 386]"
427,145757090000003209874202,Mekouar,Malih,34328.55,Inactif,455,backend/app/data/sign_data\455,backend/app/data/sign_data\455_forg,"[246, 410]"
428,145588520000003333330977,Housni,Razane,30687.79,Inactif,456,backend/app/data/sign_data\456,backend/app/data/sign_data\456_forg,[401]
429,145953480000003456787635,Kaddouri,Ghazil,89673.42,Actif,457,backend/app/data/sign_data\457,backend/app/data/sign_data\457_forg,[111]
430,145967100000003580244354,Fadil,Elmokhtar,37708.96,Inactif,458,backend/app/data/sign_data\458,backend/app/data/sign_data\458_forg,[89]
431,145954460000003703701062,Mimouni,Elkhadir,30388.39,Actif,459,backend/app/data/sign_data\459,backend/app/data/sign_data\459_forg,"[492, 881, 438]"
432,145803820000003827157744,Yacoubi,Irchad,48590.14,Inactif,460,backend/app/data/sign_data\460,backend/app/data/sign_data\460_forg,"[943, 281]"
433,145349410000003950614434,El houssine,Zaineb,78202.18,Inactif,461,backend/app/data/sign_data\461,backend/app/data/sign_data\461_forg,"[690, 707]"
434,145487450000004074071195,Rais,Fahim,86216.59,Inactif,462,backend/app/data/sign_data\462,backend/app/data/sign_data\462_forg,[938]
435,145862220000004197527883,Diouri,Namir,29242.01,Inactif,463,backend/app/data/sign_data\463,backend/app/data/sign_data\463_forg,[168]
436,145136550000004320984505,Taha,Bikr,32681.02,Actif,464,backend/app/data/sign_data\464,backend/app/data/sign_data\464_forg,[190]
437,145824290000004444441212,Abdellaoui,Basima,42382.78,Inactif,465,backend/app/data/sign_data\465,backend/app/data/sign_data\465_forg,"[515, 313]"
438,145622560000004567897914,Hamidi,Bassam,16901.97,Inactif,466,backend/app/data/sign_data\466,backend/app/data/sign_data\466_forg,[38]
439,145894410000004691354616,Malki,Ines,98603.43,Inactif,467,backend/app/data/sign_data\467,backend/app/data/sign_data\467_forg,"[291, 574, 244]"
440,145825900000004814811398,Faouzi,Adham,16420.73,Inactif,468,backend/app/data/sign_data\468,backend/app/data/sign_data\468_forg,"[937, 929, 655]"
441,145906480000004938268095,Halim,Kawakib,2702.53,Inactif,469,backend/app/data/sign_data\469,backend/app/data/sign_data\469_forg,"[478, 579, 15, 290, 302]"
442,145685010000005061724747,El hachimi,Sabhia,3280.14,Actif,470,backend/app/data/sign_data\470,backend/app/data/sign_data\470_forg,[343]
443,145203790000005185181486,Rachidi,Hamd,69599.3,Inactif,471,backend/app/data/sign_data\471,backend/app/data/sign_data\471_forg,"[761, 582]"
444,145698950000005308638115,Saad,Inaam,60735.75,Inactif,472,backend/app/data/sign_data\472,backend/app/data/sign_data\472_forg,"[468, 824]"
445,145931600000005432094868,Messaoudi,Jenane,39010.04,Actif,473,backend/app/data/sign_data\473,backend/app/data/sign_data\473_forg,"[292, 318, 192]"
446,145730240000005555551540,Taki,Rahali,1283.52,Inactif,474,backend/app/data/sign_data\474,backend/app/data/sign_data\474_forg,"[10, 590, 673]"
447,145967620000005679008286,El habib,Aboubaki,24758.91,Actif,475,backend/app/data/sign_data\475,backend/app/data/sign_data\475_forg,"[723, 747]"
448,145698100000005802464947,Kamal,Rafik,94869.06,Inactif,476,backend/app/data/sign_data\476,backend/app/data/sign_data\476_forg,[207]
449,145116800000005925921680,Saber,Soraya,47175.38,Actif,477,backend/app/data/sign_data\477,backend/app/data/sign_data\477_forg,"[725, 182]"
450,145444960000006049378366,Loukili,Eddaoui,33051.57,Inactif,478,backend/app/data/sign_data\478,backend/app/data/sign_data\478_forg,"[787, 85]"
451,145703080000006172835099,Chraibi,Yaja,88826.71,Inactif,479,backend/app/data/sign_data\479,backend/app/data/sign_data\479_forg,"[679, 272]"
452,145444020000006296291707,Mohammed,Amat Errahmane,12802.47,Inactif,480,backend/app/data/sign_data\480,backend/app/data/sign_data\480_forg,[963]
453,145347210000006419748410,Jamal,Roukaya,21342.08,Inactif,481,backend/app/data/sign_data\481,backend/app/data/sign_data\481_forg,"[517, 439, 703]"
454,145851600000006543205145,Slimani,Badda,79980.67,Actif,482,backend/app/data/sign_data\482,backend/app/data/sign_data\482_forg,"[59, 278]"
455,145803880000006666661865,Sara,Narjis,27477.63,Inactif,483,backend/app/data/sign_data\483,backend/app/data/sign_data\483_forg,[271]
456,145534120000006790118534,Mahmoudi,Naima,2520.9,Inactif,484,backend/app/data/sign_data\484,backend/app/data/sign_data\484_forg,[689]
457,145391720000006913575216,Amrani,Dalil,82052.2,Inactif,485,backend/app/data/sign_data\485,backend/app/data/sign_data\485_forg,[294]
458,145247460000007037031927,El kadiri,Abdelmouttalib,98916.35,Inactif,486,backend/app/data/sign_data\486,backend/app/data/sign_data\486_forg,"[288, 548]"
459,145402150000007160488615,El bakkali,Habib,40856.43,Inactif,487,backend/app/data/sign_data\487,backend/app/data/sign_data\487_forg,[440]
460,145506240000007283945362,Jalal,Hsina,43531.79,Actif,488,backend/app/data/sign_data\488,backend/app/data/sign_data\488_forg,"[225, 186, 203]"
461,145392840000007407402008,Kharbouch,Otaiba,32165.36,Inactif,489,backend/app/data/sign_data\489,backend/app/data/sign_data\489_forg,[325]
462,145439750000007530858756,Cherkaoui,Ghazal,59279.71,Inactif,490,backend/app/data/sign_data\490,backend/app/data/sign_data\490_forg,"[193, 387]"
463,145789820000007654315470,Soufiane,Madani,88225.6,Actif,491,backend/app/data/sign_data\491,backend/app/data/sign_data\491_forg,[669]
464,145138580000007777772130,Mounir,Bouamama,65317.01,Actif,492,backend/app/data/sign_data\492,backend/app/data/sign_data\492_forg,[36]
465,145598710000007901228831,Rafik,Lajin,66396.2,Inactif,493,backend/app/data/sign_data\493,backend/app/data/sign_data\493_forg,[324]
466,145122170000008024685591,Abbassi,Khalfia,18778.57,Inactif,494,backend/app/data/sign_data\494,backend/app/data/sign_data\494_forg,[252]
467,145633710000008148142253,Lahlou,Darous,15309.19,Actif,495,backend/app/data/sign_data\495,backend/app/data/sign_data\495_forg,"[576, 70, 434]"
468,145554460000008271598971,Zaki,Razane,6391.99,Actif,496,backend/app/data/sign_data\496,backend/app/data/sign_data\496_forg,"[241, 991, 377]"
469,145374890000008395055647,Benani,Lamiae,65595.93,Inactif,497,backend/app/data/sign_data\497,backend/app/data/sign_data\497_forg,[675]
470,145569220000008518512304,Rahmouni,Taj Eddine,97255.77,Actif,498,backend/app/data/sign_data\498,backend/app/data/sign_data\498_forg,[753]
471,145364860000008641969051,Zaoui,Habib Allah,30349.14,Inactif,499,backend/app/data/sign_data\499,backend/app/data/sign_data\499_forg,[778]
472,145328220000008765425703,Bennouna,Hanifa,84758.84,Actif,500,backend/app/data/sign_data\500,backend/app/data/sign_data\500_forg,[928]
473,145288960000008888882445,Mohammed,Jamae,48391.68,Actif,501,backend/app/data/sign_data\501,backend/app/data/sign_data\501_forg,[902]
474,145135810000009012339101,El hilali,Kadhem,40652.65,Inactif,502,backend/app/data/sign_data\502,backend/app/data/sign_data\502_forg,[639]
475,145875690000009135795871,El bakkali,Hammout,78313.76,Actif,503,backend/app/data/sign_data\503,backend/app/data/sign_data\503_forg,[545]
476,145480810000009259252591,Lahlou,Khair Eddine,9049.02,Actif,504,backend/app/data/sign_data\504,backend/app/data/sign_data\504_forg,"[161, 467]"
477,145974490000009382709272,Hamdani,Tamimount,33594.86,Actif,505,backend/app/data/sign_data\505,backend/app/data/sign_data\505_forg,[451]
478,145146240000009506165955,Rafik,Boujemaa,20958.65,Actif,506,backend/app/data/sign_data\506,backend/app/data/sign_data\506_forg,[322]
479,145808900000009629622660,Rais,Khadijatou,26046.09,Actif,507,backend/app/data/sign_data\507,backend/app/data/sign_data\507_forg,"[715, 681]"
480,145520110000009753079323,Ennaji,R’Himou,34516.33,Inactif,508,backend/app/data/sign_data\508,backend/app/data/sign_data\508_forg,"[247, 600]"
481,145212420000009876536031,Bouziane,Sarah,84740.75,Inactif,509,backend/app/data/sign_data\509,backend/app/data/sign_data\509_forg,"[936, 552, 112]"
482,145551080000009999992701,Mabrouk,Elkhamar,31270.1,Actif,510,backend/app/data/sign_data\510,backend/app/data/sign_data\510_forg,[73]
483,145717820000010123449461,Benslimane,Okba,72912.68,Actif,511,backend/app/data/sign_data\511,backend/app/data/sign_data\511_forg,"[765, 323, 562]"
484,145256980000010246906106,Naciri,Charkia,28993.13,Actif,512,backend/app/data/sign_data\512,backend/app/data/sign_data\512_forg,[549]
485,145556240000010370362820,Fathi,Aissa,20025.64,Inactif,513,backend/app/data/sign_data\513,backend/app/data/sign_data\513_forg,"[388, 973]"
486,145599970000010493819544,Saoudi,Yousri,69490.8,Actif,514,backend/app/data/sign_data\514,backend/app/data/sign_data\514_forg,[811]
487,145241210000010617276254,Sadki,Zeryab,14020.85,Inactif,515,backend/app/data/sign_data\515,backend/app/data/sign_data\515_forg,[92]
488,145891460000010740732999,Fahmi,Abir,26553.86,Actif,516,backend/app/data/sign_data\516,backend/app/data/sign_data\516_forg,"[233, 245]"
489,145794280000010864189688,Hajji,Sallam,81546.5,Actif,517,backend/app/data/sign_data\517,backend/app/data/sign_data\517_forg,"[793, 869]"
490,145484950000010987646362,Erraji,Bennacer,75298.44,Actif,518,backend/app/data/sign_data\518,backend/app/data/sign_data\518_forg,"[964, 218, 470]"
491,145723670000011111103057,Faiz,Aouich,38934.79,Inactif,519,backend/app/data/sign_data\519,backend/app/data/sign_data\519_forg,"[390, 248, 357]"
492,145884000000011234559700,Achraf,Ramzi,10117.58,Inactif,520,backend/app/data/sign_data\520,backend/app/data/sign_data\520_forg,[758]
493,145248310000011358016469,Taha,Mnaouar,70865.19,Actif,521,backend/app/data/sign_data\521,backend/app/data/sign_data\521_forg,[909]
494,145951710000011481473109,Raji,Fatouch,49376.25,Actif,522,backend/app/data/sign_data\522,backend/app/data/sign_data\522_forg,"[744, 624]"
495,145180390000011604929815,Mabrouk,Aizza,13951.28,Inactif,523,backend/app/data/sign_data\523,backend/app/data/sign_data\523_forg,[710]
496,145840680000011728386568,Zerhouni,Abdelaziz,2302.85,Inactif,524,backend/app/data/sign_data\524,backend/app/data/sign_data\524_forg,[789]
497,145943980000011851843233,Rais,Tafout,11567.35,Inactif,525,backend/app/data/sign_data\525,backend/app/data/sign_data\525_forg,"[448, 560, 181, 986]"
498,145854570000011975299929,Maroc,Mnaouar,5427.46,Actif,526,backend/app/data/sign_data\526,backend/app/data/sign_data\526_forg,[443]
499,145271520000012098756601,Houari,Lakbir,8022.55,Inactif,527,backend/app/data/sign_data\527,backend/app/data/sign_data\527_forg,[419]
500,145862060000012222213362,Rahmani,Aafrae,17963.16,Inactif,528,backend/app/data/sign_data\528,backend/app/data/sign_data\528_forg,"[863, 772, 731]"
501,145178220000012345670064,Zine,Kawakib,61278.36,Actif,529,backend/app/data/sign_data\529,backend/app/data/sign_data\529_forg,"[414, 240, 962]"
502,145963370000012469126725,El filali,Jamea,82302.9,Inactif,530,backend/app/data/sign_data\530,backend/app/data/sign_data\530_forg,[380]
503,145343880000012592583451,Benamar,Oumama,21248.82,Actif,531,backend/app/data/sign_data\531,backend/app/data/sign_data\531_forg,"[88, 877]"
504,145445090000012716040113,Kabbaj,Baya,37422.91,Actif,532,backend/app/data/sign_data\532,backend/app/data/sign_data\532_forg,[955]
505,145730350000012839496858,Hamdaoui,Touhami,78647.37,Actif,533,backend/app/data/sign_data\533,backend/app/data/sign_data\533_forg,[960]
506,145784100000012962953570,Younes,Jmia,48203.28,Actif,534,backend/app/data/sign_data\534,backend/app/data/sign_data\534_forg,[332]
507,145665970000013086410221,Meziane,Abdessafi,9835.95,Actif,535,backend/app/data/sign_data\535,backend/app/data/sign_data\535_forg,"[363, 628]"
508,145323600000013209866965,Allaoui,Zouhir,28098.31,Actif,536,backend/app/data/sign_data\536,backend/app/data/sign_data\536_forg,[768]
509,145208030000013333323609,Kettani,Jalila,73842.92,Actif,537,backend/app/data/sign_data\537,backend/app/data/sign_data\537_forg,[382]
510,145172430000013456780353,Khalid,Sadik,45444.25,Actif,538,backend/app/data/sign_data\538,backend/app/data/sign_data\538_forg,[215]
511,145328400000013580237010,Lotfi,Jalal,16499.58,Inactif,539,backend/app/data/sign_data\539,backend/app/data/sign_data\539_forg,[441]
512,145497010000013703693767,Bahi,Kacem,72418.58,Inactif,540,backend/app/data/sign_data\540,backend/app/data/sign_data\540_forg,[493]
513,145967240000013827150432,Fathi,Azam,76915.85,Actif,541,backend/app/data/sign_data\541,backend/app/data/sign_data\541_forg,[231]
514,145133380000013950607165,Taoufik,Oualida,70229.28,Inactif,542,backend/app/data/sign_data\542,backend/app/data/sign_data\542_forg,[360]
515,145760540000014074063863,Aarab,Sarah,78219.9,Actif,543,backend/app/data/sign_data\543,backend/app/data/sign_data\543_forg,"[1000, 428, 543]"
516,145372370000014197520502,Bennouna,Hanane,30544.07,Actif,544,backend/app/data/sign_data\544,backend/app/data/sign_data\544_forg,[601]
517,145719610000014320977241,Adil,Hamdi,9828.14,Actif,545,backend/app/data/sign_data\545,backend/app/data/sign_data\545_forg,"[895, 644]"
518,145619680000014444433996,Moussaid,Ismail,59322.57,Actif,546,backend/app/data/sign_data\546,backend/app/data/sign_data\546_forg,[550]
519,145562410000014567890686,Saoudi,Razek,20073.34,Actif,547,backend/app/data/sign_data\547,backend/app/data/sign_data\547_forg,"[13, 314]"
520,145418510000014691347369,Khalid,Saadoune,79275.79,Inactif,548,backend/app/data/sign_data\548,backend/app/data/sign_data\548_forg,"[188, 804]"
521,145966360000014814804090,Amri,Houssine,30043.68,Inactif,549,backend/app/data/sign_data\549,backend/app/data/sign_data\549_forg,"[980, 617]"
522,145388950000014938260717,Sadiki,Nacer,41092.82,Actif,550,backend/app/data/sign_data\550,backend/app/data/sign_data\550_forg,"[843, 839]"
523,145343260000015061717456,Hamdi,Fadila,79902.68,Inactif,551,backend/app/data/sign_data\551,backend/app/data/sign_data\551_forg,[142]
524,145355780000015185174150,Benali,Tahour,85059.17,Inactif,552,backend/app/data/sign_data\552,backend/app/data/sign_data\552_forg,[728]
525,145755960000015308630800,Fadil,Elaid,84665.08,Inactif,553,backend/app/data/sign_data\553,backend/app/data/sign_data\553_forg,"[298, 742, 921, 163]"
526,145409760000015432087585,Nait,Adel,94024.33,Actif,554,backend/app/data/sign_data\554,backend/app/data/sign_data\554_forg,"[265, 258]"
527,145765740000015555544249,Bouzid,Abdelkader,73003.68,Actif,555,backend/app/data/sign_data\555,backend/app/data/sign_data\555_forg,[507]
528,145290060000015679000945,Kabbaj,Osmane,33661.47,Inactif,556,backend/app/data/sign_data\556,backend/app/data/sign_data\556_forg,"[331, 114, 384]"
529,145481430000015802457634,Choukri,Rostom,88542.96,Inactif,557,backend/app/data/sign_data\557,backend/app/data/sign_data\557_forg,[826]
530,145880860000015925914392,Talbi,Chihab,20500.38,Actif,558,backend/app/data/sign_data\558,backend/app/data/sign_data\558_forg,[626]
531,145429260000016049371044,Dahbi,Fath Elkhir,57100.36,Inactif,559,backend/app/data/sign_data\559,backend/app/data/sign_data\559_forg,"[199, 674]"
532,145766280000016172827714,Sara,Razika,48000.98,Actif,560,backend/app/data/sign_data\560,backend/app/data/sign_data\560_forg,[457]
533,145365060000016296284407,Anas,Saeb,66561.89,Actif,561,backend/app/data/sign_data\561,backend/app/data/sign_data\561_forg,"[6, 24]"
534,145431610000016419741161,Mustapha,Abdelmoula,15535.65,Inactif,562,backend/app/data/sign_data\562,backend/app/data/sign_data\562_forg,[320]
535,145754290000016543197894,Brahim,Elhouari,45762.87,Actif,563,backend/app/data/sign_data\563,backend/app/data/sign_data\563_forg,[607]
536,145753070000016666654592,Taki,Faouaz,59605.98,Inactif,564,backend/app/data/sign_data\564,backend/app/data/sign_data\564_forg,[206]
537,145227110000016790111256,Hakim,Samira,81427.84,Actif,565,backend/app/data/sign_data\565,backend/app/data/sign_data\565_forg,[853]
538,145681560000016913567941,Cherkaoui,Elhabib,64371.9,Inactif,566,backend/app/data/sign_data\566,backend/app/data/sign_data\566_forg,[678]
539,145151600000017037024615,Fassi,Mamoun,34454.71,Actif,567,backend/app/data/sign_data\567,backend/app/data/sign_data\567_forg,"[892, 718]"
540,145102560000017160481328,Allaoui,Nafis,75938.07,Actif,568,backend/app/data/sign_data\568,backend/app/data/sign_data\568_forg,"[236, 837, 417, 180]"
541,145608320000017283938015,Abbassi,Jeddia,82287.1,Actif,569,backend/app/data/sign_data\569,backend/app/data/sign_data\569_forg,"[311, 25]"
542,145477050000017407394794,Amine,Adila,81007.4,Inactif,570,backend/app/data/sign_data\570,backend/app/data/sign_data\570_forg,"[555, 312, 277, 916]"
543,145796990000017530851456,Slaoui,Charkia,49645.12,Inactif,571,backend/app/data/sign_data\571,backend/app/data/sign_data\571_forg,"[993, 708]"
544,145903730000017654308194,Mokhtari,Assila,48036.21,Actif,572,backend/app/data/sign_data\572,backend/app/data/sign_data\572_forg,[374]
545,145431120000017777764813,Sbai,Nassef,7521.27,Actif,573,backend/app/data/sign_data\573,backend/app/data/sign_data\573_forg,"[14, 816, 481]"
546,145553350000017901221522,Fouad,Souhaib,28838.54,Actif,574,backend/app/data/sign_data\574,backend/app/data/sign_data\574_forg,[683]
547,145508270000018024678284,Hamdi,Dounia,96624.22,Actif,575,backend/app/data/sign_data\575,backend/app/data/sign_data\575_forg,[86]
548,145422350000018148134984,Toumi,Elmokhtar,14957.79,Inactif,576,backend/app/data/sign_data\576,backend/app/data/sign_data\576_forg,"[409, 914]"
549,145946190000018271591670,Benmoussa,Nisrine,55446.71,Actif,577,backend/app/data/sign_data\577,backend/app/data/sign_data\577_forg,"[792, 83]"
550,145434480000018395048303,Abdo,Chafai,30209.7,Inactif,578,backend/app/data/sign_data\578,backend/app/data/sign_data\578_forg,[77]
551,145796130000018518505074,Bouzid,Aziza,61659.95,Actif,579,backend/app/data/sign_data\579,backend/app/data/sign_data\579_forg,[42]
552,145904770000018641961746,El mehdi,Hamd,40839.82,Actif,580,backend/app/data/sign_data\580,backend/app/data/sign_data\580_forg,[165]
553,145819120000018765418480,Sebti,Jadouane,66294.29,Inactif,581,backend/app/data/sign_data\581,backend/app/data/sign_data\581_forg,"[514, 904]"
554,145240210000018888875176,Benjelloun,Rayhana,26380.99,Inactif,582,backend/app/data/sign_data\582,backend/app/data/sign_data\582_forg,[16]
555,145822540000019012331851,Hicham,Abdelilah,14792.18,Inactif,583,backend/app/data/sign_data\583,backend/app/data/sign_data\583_forg,[983]
556,145905670000019135788556,El amrani,Ainaya,89930.83,Inactif,584,backend/app/data/sign_data\584,backend/app/data/sign_data\584_forg,"[840, 769]"
557,145353820000019259245237,Saadaoui,Aizza,62127.55,Actif,585,backend/app/data/sign_data\585,backend/app/data/sign_data\585_forg,[854]
558,145847830000019382701942,Houari,Khansae,34444.19,Actif,586,backend/app/data/sign_data\586,backend/app/data/sign_data\586_forg,[132]
559,145780870000019506158650,Diouri,Loubana,48095.63,Actif,587,backend/app/data/sign_data\587,backend/app/data/sign_data\587_forg,[841]
560,145368370000019629615306,Meftah,Kadour,30368.65,Actif,588,backend/app/data/sign_data\588,backend/app/data/sign_data\588_forg,"[564, 27]"
561,145227280000019753072098,Amraoui,Rahiba,88555.63,Inactif,589,backend/app/data/sign_data\589,backend/app/data/sign_data\589_forg,[488]
562,145574770000019876528756,Benbrahim,Tamou,41657.67,Actif,590,backend/app/data/sign_data\590,backend/app/data/sign_data\590_forg,"[274, 997, 300]"
563,145650710000019999985444,Elalaoui,Bahria,76233.4,Inactif,591,backend/app/data/sign_data\591,backend/app/data/sign_data\591_forg,[547]
564,145747720000020123442149,Hachimi,Abdessatar,57299.55,Actif,592,backend/app/data/sign_data\592,backend/app/data/sign_data\592_forg,"[913, 850, 658]"
565,145125940000020246898825,Rida,Fikria,57310.98,Actif,593,backend/app/data/sign_data\593,backend/app/data/sign_data\593_forg,"[568, 923]"
566,145445300000020370355565,Mehdi,Ghariba,2731.97,Inactif,594,backend/app/data/sign_data\594,backend/app/data/sign_data\594_forg,[977]
567,145446400000020493812290,Mehdi,Azzelarab,3112.57,Actif,595,backend/app/data/sign_data\595,backend/app/data/sign_data\595_forg,"[780, 48, 353]"
568,145345890000020617268937,Abdellah,Hidaya,8326.0,Actif,596,backend/app/data/sign_data\596,backend/app/data/sign_data\596_forg,[716]
569,145185870000020740725687,Tahri,Abdessafi,38659.38,Inactif,597,backend/app/data/sign_data\597,backend/app/data/sign_data\597_forg,"[483, 279, 554, 748]"
570,145502950000020864182384,El omari,Abdelouahab,62819.21,Inactif,598,backend/app/data/sign_data\598,backend/app/data/sign_data\598_forg,"[152, 282, 262]"
571,145187810000020987639076,Chadli,Selam,64590.68,Inactif,599,backend/app/data/sign_data\599,backend/app/data/sign_data\599_forg,[745]
572,145958330000021111095704,Moussaid,Brahim,97597.65,Actif,600,backend/app/data/sign_data\600,backend/app/data/sign_data\600_forg,[905]
573,145226410000021234552438,Badr,Ijja,70356.26,Inactif,601,backend/app/data/sign_data\601,backend/app/data/sign_data\601_forg,[133]
574,145470220000021358009181,Kamal,Arij,88034.32,Inactif,602,backend/app/data/sign_data\602,backend/app/data/sign_data\602_forg,"[338, 452]"
575,145352960000021481465870,Saadaoui,Raouf,10021.41,Inactif,603,backend/app/data/sign_data\603,backend/app/data/sign_data\603_forg,[229]
576,145328480000021604922561,Salmi,Jaouhar,78400.23,Inactif,604,backend/app/data/sign_data\604,backend/app/data/sign_data\604_forg,[879]
577,145321430000021728379220,Naim,Elhabib,90524.66,Actif,605,backend/app/data/sign_data\605,backend/app/data/sign_data\605_forg,"[220, 340, 4]"
578,145291640000021851835997,Chaouki,Elaidya,85875.34,Inactif,606,backend/app/data/sign_data\606,backend/app/data/sign_data\606_forg,"[433, 270, 460]"
579,145626490000021975292644,Azizi,Ziyad,10560.06,Inactif,607,backend/app/data/sign_data\607,backend/app/data/sign_data\607_forg,[31]
580,145910850000022098749379,Bennani,Taher,97995.6,Inactif,608,backend/app/data/sign_data\608,backend/app/data/sign_data\608_forg,"[852, 105, 967]"
581,145930820000022222206086,Benzakour,Tamimount,89659.54,Inactif,609,backend/app/data/sign_data\609,backend/app/data/sign_data\609_forg,[128]
582,145158220000022345662790,Hanane,Hamd,23733.22,Actif,610,backend/app/data/sign_data\610,backend/app/data/sign_data\610_forg,"[47, 379]"
583,145835110000022469119452,Hafidi,Fath Elkhir,53903.16,Actif,611,backend/app/data/sign_data\611,backend/app/data/sign_data\611_forg,[588]
584,145215670000022592576126,Mehdi,Zoulikha,27370.97,Inactif,612,backend/app/data/sign_data\612,backend/app/data/sign_data\612_forg,[118]
585,145215530000022716032828,Marsli,Chouhaiba,4115.63,Actif,613,backend/app/data/sign_data\613,backend/app/data/sign_data\613_forg,[250]
586,145630500000022839489518,Talbi,Ghannou,96305.98,Inactif,614,backend/app/data/sign_data\614,backend/app/data/sign_data\614_forg,[341]
587,145458980000022962946213,Kaddouri,Izdihar,67329.47,Inactif,615,backend/app/data/sign_data\615,backend/app/data/sign_data\615_forg,"[11, 931]"
588,145938390000023086402944,Sara,Khansae,79871.34,Actif,616,backend/app/data/sign_data\616,backend/app/data/sign_data\616_forg,[908]
589,145500480000023209859663,El mokhtar,Maamar,19148.46,Actif,617,backend/app/data/sign_data\617,backend/app/data/sign_data\617_forg,[593]
590,145792810000023333316308,Naim,Radi,53360.15,Actif,618,backend/app/data/sign_data\618,backend/app/data/sign_data\618_forg,"[97, 848]"
591,145261470000023456773041,Zouhair,Belaid,18170.23,Actif,619,backend/app/data/sign_data\619,backend/app/data/sign_data\619_forg,[603]
592,145951640000023580229732,Ait el,Nassih,8486.19,Inactif,620,backend/app/data/sign_data\620,backend/app/data/sign_data\620_forg,"[836, 185]"
593,145700260000023703686404,Taleb,Chefae,85371.51,Actif,621,backend/app/data/sign_data\621,backend/app/data/sign_data\621_forg,[155]
594,145840490000023827143199,El mahdi,Rachad,28310.7,Inactif,622,backend/app/data/sign_data\622,backend/app/data/sign_data\622_forg,"[516, 693]"
595,145625220000023950599873,Bouayad,Mahjouba,6681.79,Inactif,623,backend/app/data/sign_data\623,backend/app/data/sign_data\623_forg,[558]
596,145129690000024074056597,Belhaj,Oum Elkhir,19968.93,Inactif,624,backend/app/data/sign_data\624,backend/app/data/sign_data\624_forg,"[170, 810]"
597,145547940000024197513266,Haddad,Maria,90601.39,Inactif,625,backend/app/data/sign_data\625,backend/app/data/sign_data\625_forg,[821]
598,145692460000024320969906,Saad,Farah,16748.78,Inactif,626,backend/app/data/sign_data\626,backend/app/data/sign_data\626_forg,"[739, 402]"
599,145455510000024444426699,Bensaid,Anouar,15267.35,Actif,627,backend/app/data/sign_data\627,backend/app/data/sign_data\627_forg,"[213, 651]"
600,145624590000024567883396,Ennaji,Salmane,58880.33,Actif,628,backend/app/data/sign_data\628,backend/app/data/sign_data\628_forg,"[540, 597]"
